horizon_days,bin,n,wins,avg_price,win_rate,ci_lo,ci_hi,gap
1,"(-0.0005, 0.01]",65,0,0.0070692307692307695,0.0,0.0,0.055803467670710726,-0.0070692307692307695
1,"(0.01, 0.02]",13,0,0.018846153846153846,0.0,0.0,0.22810184305529166,-0.018846153846153846
1,"(0.02, 0.13]",37,3,0.060000000000000005,0.08108108108108109,0.027960066396321384,0.2130099249850153,0.02108108108108108
1,"(0.13, 0.43]",36,13,0.26958333333333334,0.3611111111111111,0.2247538679218132,0.5242521960916802,0.09152777777777776
1,"(0.43, 0.5]",100,46,0.49359499999999995,0.46,0.36560643853331865,0.5573531460647615,-0.03359499999999993
1,"(0.5, 0.558]",11,7,0.520909090909091,0.6363636363636364,0.35379677689163724,0.8483377638586862,0.11545454545454537
1,"(0.558, 0.761]",38,32,0.6738157894736843,0.8421052631578947,0.6958287736272311,0.9255623777627731,0.16828947368421043
1,"(0.761, 0.958]",37,33,0.8770945945945946,0.8918918918918919,0.7529115358483284,0.9571487947949374,0.014797297297297285
1,"(0.958, 1.0]",38,38,0.9866315789473683,1.0,0.90818706741616,1.0,0.013368421052631696
3,"(-0.0005, 0.0091]",27,0,0.0049259259259259265,0.0,0.0,0.12455903714463581,-0.0049259259259259265
3,"(0.0091, 0.015]",32,0,0.011515625,0.0,0.0,0.1071827150573635,-0.011515625
3,"(0.015, 0.031]",21,0,0.022595238095238095,0.0,0.0,0.15464382326420195,-0.022595238095238095
3,"(0.031, 0.156]",26,2,0.0815576923076923,0.07692307692307693,0.02135463918337556,0.24141947480515052,-0.004634615384615376
3,"(0.156, 0.38]",28,7,0.25339285714285714,0.25,0.12676334942200781,0.433560252407046,-0.003392857142857142
3,"(0.38, 0.5]",37,17,0.4791756756756757,0.4594594594594595,0.31038327828457724,0.6161622047523264,-0.01971621621621622
3,"(0.5, 0.628]",14,9,0.5689285714285715,0.6428571428571429,0.3876400468214042,0.8365550926279727,0.07392857142857145
3,"(0.628, 0.842]",27,26,0.7559259259259259,0.9629629629629629,0.8171614606584348,0.9934320234669025,0.20703703703703702
3,"(0.842, 0.96]",30,28,0.9191166666666667,0.9333333333333333,0.7867618227892791,0.9815233646723066,0.014216666666666655
3,"(0.96, 0.998]",23,23,0.9872173913043478,1.0,0.8568788745827374,1.0,0.012782608695652176
7,"(-0.0005, 0.008]",23,0,0.005,0.0,0.0,0.14312112541726274,-0.005
7,"(0.008, 0.015]",21,0,0.011904761904761904,0.0,0.0,0.15464382326420195,-0.011904761904761904
7,"(0.015, 0.029]",20,0,0.02105,0.0,0.0,0.16113012549493322,-0.02105
7,"(0.029, 0.082]",21,2,0.04580952380952381,0.09523809523809523,0.026518208796947246,0.2891458386074067,0.049428571428571426
7,"(0.082, 0.23]",22,3,0.1456818181818182,0.13636363636363635,0.04748917264236269,0.3333541187947,-0.009318181818181837
7,"(0.23, 0.45]",22,10,0.33545454545454545,0.45454545454545453,0.26920014432004846,0.6534052671095845,0.11909090909090908
7,"(0.45, 0.522]",20,10,0.49524999999999997,0.5,0.2992949144298199,0.7007050855701801,0.004750000000000032
7,"(0.522, 0.793]",21,17,0.6626190476190476,0.8095238095238095,0.599990134607267,0.9233255938482269,0.14690476190476198
7,"(0.793, 0.929]",21,19,0.8573333333333334,0.9047619047619048,0.7108541613925933,0.9734817912030528,0.047428571428571376
7,"(0.929, 0.999]",22,22,0.9684318181818181,1.0,0.8513404742740388,1.0,0.031568181818181884
14,"(0.001, 0.01]",23,0,0.007608695652173913,0.0,0.0,0.14312112541726274,-0.007608695652173913
14,"(0.01, 0.02]",16,0,0.01840625,0.0,0.0,0.19361341827271994,-0.01840625
14,"(0.02, 0.045]",19,0,0.03507894736842105,0.0,0.0,0.16818436536845052,-0.03507894736842105
14,"(0.045, 0.097]",15,1,0.06346666666666667,0.06666666666666667,0.011866588606194856,0.2981707755242399,0.0031999999999999945
14,"(0.097, 0.25]",19,2,0.15,0.10526315789473684,0.029357941395096593,0.313945504948417,-0.04473684210526316
14,"(0.25, 0.45]",19,11,0.3763157894736842,0.5789473684210527,0.36275551465160105,0.7685837960796962,0.20263157894736844
14,"(0.45, 0.5]",18,7,0.49444444444444446,0.3888888888888889,0.20304991926931162,0.6138133141934384,-0.10555555555555557
14,"(0.5, 0.726]",17,10,0.5919411764705883,0.5882352941176471,0.36005074385515545,0.7838921396086862,-0.0037058823529412255
14,"(0.726, 0.927]",18,14,0.8252777777777778,0.7777777777777778,0.5478497354769452,0.90999218086618,-0.04749999999999999
14,"(0.927, 1.0]",19,19,0.971421052631579,1.0,0.8318156346315496,1.0,0.028578947368421037
30,"(0.004, 0.02]",15,0,0.010199999999999999,0.0,0.0,0.20388926630434784,-0.010199999999999999
30,"(0.02, 0.0337]",13,0,0.029115384615384616,0.0,0.0,0.22810184305529166,-0.029115384615384616
30,"(0.0337, 0.0472]",14,0,0.039,0.0,0.0,0.21531701192718142,-0.039
30,"(0.0472, 0.108]",14,1,0.07153571428571429,0.07142857142857142,0.012721886112291636,0.3146926955395781,-0.0001071428571428612
30,"(0.108, 0.212]",14,2,0.15285714285714286,0.14285714285714285,0.040093073737921175,0.39941907763863693,-0.010000000000000009
30,"(0.212, 0.35]",15,5,0.27666666666666667,0.3333333333333333,0.15176100694691236,0.5828687484878701,0.05666666666666664
30,"(0.35, 0.486]",13,4,0.4420769230769231,0.3076923076923077,0.12680497161618087,0.5763111218666236,-0.13438461538461538
30,"(0.486, 0.583]",14,9,0.5278571428571428,0.6428571428571429,0.3876400468214042,0.8365550926279727,0.1150000000000001
30,"(0.583, 0.872]",14,12,0.72,0.8571428571428571,0.600580922361363,0.9599069262620787,0.13714285714285712
30,"(0.872, 0.992]",14,14,0.9548571428571428,1.0,0.7846829880728186,1.0,0.04514285714285715
