market_id,event_id,horizon_days,price,outcome,volume,neg_risk,category,resolved_at
240379,5828,1,0.002,0,490480.59,False,US-current-affairs,2024-07-18 00:10:37.491895+00:00
240379,5828,3,0.0185,0,490480.59,False,US-current-affairs,2024-07-18 00:10:37.491895+00:00
240379,5828,7,0.0275,0,490480.59,False,US-current-affairs,2024-07-18 00:10:37.491895+00:00
240379,5828,14,0.0175,0,490480.59,False,US-current-affairs,2024-07-18 00:10:37.491895+00:00
240379,5828,30,0.038,0,490480.59,False,US-current-affairs,2024-07-18 00:10:37.491895+00:00
240380,5828,1,0.999,1,6552460.32,False,US-current-affairs,2024-07-18 00:10:37.491895+00:00
240380,5828,3,0.99,1,6552460.32,False,US-current-affairs,2024-07-18 00:10:37.491895+00:00
240380,5828,7,0.992,1,6552460.32,False,US-current-affairs,2024-07-18 00:10:37.491895+00:00
240380,5828,14,0.99,1,6552460.32,False,US-current-affairs,2024-07-18 00:10:37.491895+00:00
240380,5828,30,0.9755,1,6552460.32,False,US-current-affairs,2024-07-18 00:10:37.491895+00:00
240381,5828,1,0.0025,0,168305.55,False,US-current-affairs,2024-07-18 00:10:37.491895+00:00
240381,5828,3,0.013,0,168305.55,False,US-current-affairs,2024-07-18 00:10:37.491895+00:00
240381,5828,7,0.013,0,168305.55,False,US-current-affairs,2024-07-18 00:10:37.491895+00:00
240381,5828,14,0.021,0,168305.55,False,US-current-affairs,2024-07-18 00:10:37.491895+00:00
240381,5828,30,0.089,0,168305.55,False,US-current-affairs,2024-07-18 00:10:37.491895+00:00
240382,5853,1,0.0055,0,5770423.69,False,US-current-affairs,2024-08-07 13:51:50.562992+00:00
240382,5853,3,0.0085,0,5770423.69,False,US-current-affairs,2024-08-07 13:51:50.562992+00:00
240382,5853,7,0.0065,0,5770423.69,False,US-current-affairs,2024-08-07 13:51:50.562992+00:00
240382,5853,14,0.005,0,5770423.69,False,US-current-affairs,2024-08-07 13:51:50.562992+00:00
240382,5853,30,0.465,0,5770423.69,False,US-current-affairs,2024-08-07 13:51:50.562992+00:00
240383,5853,1,0.991,1,86512.57,False,US-current-affairs,2024-08-07 13:51:50.562992+00:00
240383,5853,3,0.989,1,86512.57,False,US-current-affairs,2024-08-07 13:51:50.562992+00:00
240383,5853,7,0.979,1,86512.57,False,US-current-affairs,2024-08-07 13:51:50.562992+00:00
240383,5853,14,0.915,1,86512.57,False,US-current-affairs,2024-08-07 13:51:50.562992+00:00
240383,5853,30,0.51,1,86512.57,False,US-current-affairs,2024-08-07 13:51:50.562992+00:00
240384,5853,1,0.01,0,26606.37,False,US-current-affairs,2024-08-07 13:51:50.562992+00:00
240384,5853,3,0.0225,0,26606.37,False,US-current-affairs,2024-08-07 13:51:50.562992+00:00
240384,5853,7,0.0225,0,26606.37,False,US-current-affairs,2024-08-07 13:51:50.562992+00:00
240384,5853,14,0.041,0,26606.37,False,US-current-affairs,2024-08-07 13:51:50.562992+00:00
240384,5853,30,0.045,0,26606.37,False,US-current-affairs,2024-08-07 13:51:50.562992+00:00
240385,5853,1,0.01,0,80797.38,False,US-current-affairs,2024-08-07 13:51:50.562992+00:00
240385,5853,3,0.023,0,80797.38,False,US-current-affairs,2024-08-07 13:51:50.562992+00:00
240385,5853,7,0.021,0,80797.38,False,US-current-affairs,2024-08-07 13:51:50.562992+00:00
240385,5853,14,0.006,0,80797.38,False,US-current-affairs,2024-08-07 13:51:50.562992+00:00
240385,5853,30,0.035,0,80797.38,False,US-current-affairs,2024-08-07 13:51:50.562992+00:00
240613,4076,1,0.0015,0,8828319.27610304,False,US-current-affairs,2024-11-14 23:58:16+00:00
240613,4076,3,0.0015,0,8828319.27610304,False,US-current-affairs,2024-11-14 23:58:16+00:00
240613,4076,7,0.002,0,8828319.27610304,False,US-current-affairs,2024-11-14 23:58:16+00:00
240613,4076,14,0.355,0,8828319.27610304,False,US-current-affairs,2024-11-14 23:58:16+00:00
240613,4076,30,0.445,0,8828319.27610304,False,US-current-affairs,2024-11-14 23:58:16+00:00
240637,5828,1,0.003,0,70303.86,False,US-current-affairs,2024-07-18 00:10:37.491895+00:00
240637,5828,3,0.0065,0,70303.86,False,US-current-affairs,2024-07-18 00:10:37.491895+00:00
240637,5828,7,0.0055,0,70303.86,False,US-current-affairs,2024-07-18 00:10:37.491895+00:00
240637,5828,14,0.045,0,70303.86,False,US-current-affairs,2024-07-18 00:10:37.491895+00:00
240637,5828,30,0.055,0,70303.86,False,US-current-affairs,2024-07-18 00:10:37.491895+00:00
240639,5828,1,0.0075,0,11892.17,False,US-current-affairs,2024-07-18 00:10:37.491895+00:00
240639,5828,3,0.008,0,11892.17,False,US-current-affairs,2024-07-18 00:10:37.491895+00:00
240639,5828,7,0.008,0,11892.17,False,US-current-affairs,2024-07-18 00:10:37.491895+00:00
240639,5828,14,0.01,0,11892.17,False,US-current-affairs,2024-07-18 00:10:37.491895+00:00
240639,5828,30,0.03,0,11892.17,False,US-current-affairs,2024-07-18 00:10:37.491895+00:00
240641,5828,1,0.045,0,12545.64,False,US-current-affairs,2024-07-17 20:42:12.475369+00:00
240641,5828,3,0.008,0,12545.64,False,US-current-affairs,2024-07-17 20:42:12.475369+00:00
240641,5828,7,0.008,0,12545.64,False,US-current-affairs,2024-07-17 20:42:12.475369+00:00
240641,5828,14,0.045,0,12545.64,False,US-current-affairs,2024-07-17 20:42:12.475369+00:00
240641,5828,30,0.0305,0,12545.64,False,US-current-affairs,2024-07-17 20:42:12.475369+00:00
240642,5828,1,0.01,0,16384.3,False,US-current-affairs,2024-07-17 20:42:12.475369+00:00
240642,5828,3,0.0105,0,16384.3,False,US-current-affairs,2024-07-17 20:42:12.475369+00:00
240642,5828,7,0.0055,0,16384.3,False,US-current-affairs,2024-07-17 20:42:12.475369+00:00
240642,5828,14,0.045,0,16384.3,False,US-current-affairs,2024-07-17 20:42:12.475369+00:00
240642,5828,30,0.0305,0,16384.3,False,US-current-affairs,2024-07-17 20:42:12.475369+00:00
240643,5828,1,0.045,0,13695.23,False,US-current-affairs,2024-07-17 20:42:12.475369+00:00
240643,5828,3,0.0055,0,13695.23,False,US-current-affairs,2024-07-17 20:42:12.475369+00:00
240643,5828,7,0.0055,0,13695.23,False,US-current-affairs,2024-07-17 20:42:12.475369+00:00
240643,5828,14,0.0495,0,13695.23,False,US-current-affairs,2024-07-17 20:42:12.475369+00:00
240643,5828,30,0.035,0,13695.23,False,US-current-affairs,2024-07-17 20:42:12.475369+00:00
240644,5828,1,0.005,0,4382.27,False,US-current-affairs,2024-07-18 00:10:37.491895+00:00
240644,5828,3,0.0055,0,4382.27,False,US-current-affairs,2024-07-18 00:10:37.491895+00:00
240644,5828,7,0.0055,0,4382.27,False,US-current-affairs,2024-07-18 00:10:37.491895+00:00
240644,5828,14,0.5,0,4382.27,False,US-current-affairs,2024-07-18 00:10:37.491895+00:00
240644,5828,30,0.0305,0,4382.27,False,US-current-affairs,2024-07-18 00:10:37.491895+00:00
242110,3837,1,0.11,0,50928.15,False,Crypto,2023-03-18 04:00:14+00:00
242110,3837,3,0.11,0,50928.15,False,Crypto,2023-03-18 04:00:14+00:00
242110,3837,7,0.5,0,50928.15,False,Crypto,2023-03-18 04:00:14+00:00
242110,3837,14,0.5,0,50928.15,False,Crypto,2023-03-18 04:00:14+00:00
242110,3837,30,0.5,0,50928.15,False,Crypto,2023-03-18 04:00:14+00:00
246667,5853,1,0.009,0,576046.71,False,US-current-affairs,2024-08-07 13:51:50.562992+00:00
246667,5853,3,0.0155,0,576046.71,False,US-current-affairs,2024-08-07 13:51:50.562992+00:00
246667,5853,7,0.013,0,576046.71,False,US-current-affairs,2024-08-07 13:51:50.562992+00:00
246667,5853,14,0.0165,0,576046.71,False,US-current-affairs,2024-08-07 13:51:50.562992+00:00
246667,5853,30,0.0465,0,576046.71,False,US-current-affairs,2024-08-07 13:51:50.562992+00:00
247266,5846,1,0.97,1,874177.15,False,,2023-04-03 01:30:11+00:00
247266,5846,3,0.83,1,874177.15,False,,2023-04-03 01:30:11+00:00
247266,5846,7,0.35,1,874177.15,False,,2023-04-03 01:30:11+00:00
247266,5846,14,0.72,1,874177.15,False,,2023-04-03 01:30:11+00:00
247266,5846,30,0.25,1,874177.15,False,,2023-04-03 01:30:11+00:00
247312,834622,1,0.13,0,2646.53,False,,2023-04-10 00:45:17+00:00
247312,834622,3,0.13,0,2646.53,False,,2023-04-10 00:45:17+00:00
247312,834622,7,0.25,0,2646.53,False,,2023-04-10 00:45:17+00:00
247312,834622,14,0.01,0,2646.53,False,,2023-04-10 00:45:17+00:00
247312,834622,30,0.5,0,2646.53,False,,2023-04-10 00:45:17+00:00
247548,834737,1,0.95,1,11601.41,False,,2023-05-04 20:34:45+00:00
247548,834737,3,0.955,1,11601.41,False,,2023-05-04 20:34:45+00:00
247548,834737,7,0.905,1,11601.41,False,,2023-05-04 20:34:45+00:00
247548,834737,14,0.89,1,11601.41,False,,2023-05-04 20:34:45+00:00
247548,834737,30,0.64,1,11601.41,False,,2023-05-04 20:34:45+00:00
247745,5828,1,0.0445,0,38200.42,False,,2024-07-17 20:42:12.475369+00:00
247745,5828,3,0.005,0,38200.42,False,,2024-07-17 20:42:12.475369+00:00
247745,5828,7,0.0055,0,38200.42,False,,2024-07-17 20:42:12.475369+00:00
247745,5828,14,0.018,0,38200.42,False,,2024-07-17 20:42:12.475369+00:00
247745,5828,30,0.04,0,38200.42,False,,2024-07-17 20:42:12.475369+00:00
248197,866583,1,0.03,0,48152.88,False,,2023-04-01 07:51:32+00:00
248197,866583,3,0.03,0,48152.88,False,,2023-04-01 07:51:32+00:00
248197,866583,7,0.04,0,48152.88,False,,2023-04-01 07:51:32+00:00
248197,866583,14,0.11,0,48152.88,False,,2023-04-01 07:51:32+00:00
248197,866583,30,0.15,0,48152.88,False,,2023-04-01 07:51:32+00:00
248211,5828,1,0.5,0,6881.35,False,,2024-07-16 09:25:15+00:00
248211,5828,3,0.5,0,6881.35,False,,2024-07-16 09:25:15+00:00
248211,5828,7,0.0355,0,6881.35,False,,2024-07-16 09:25:15+00:00
248211,5828,14,0.5055,0,6881.35,False,,2024-07-16 09:25:15+00:00
248211,5828,30,0.0365,0,6881.35,False,,2024-07-16 09:25:15+00:00
248212,5828,1,0.4995,0,8230.94,False,,2024-07-16 09:19:49+00:00
248212,5828,3,0.4995,0,8230.94,False,,2024-07-16 09:19:49+00:00
248212,5828,7,0.0355,0,8230.94,False,,2024-07-16 09:19:49+00:00
248212,5828,14,0.5,0,8230.94,False,,2024-07-16 09:19:49+00:00
248212,5828,30,0.0415,0,8230.94,False,,2024-07-16 09:19:49+00:00
248308,896606,1,0.01,0,22657.37,False,,2023-03-02 07:17:20+00:00
248308,896606,3,0.01,0,22657.37,False,,2023-03-02 07:17:20+00:00
248308,896606,7,0.02,0,22657.37,False,,2023-03-02 07:17:20+00:00
248308,896606,14,0.04,0,22657.37,False,,2023-03-02 07:17:20+00:00
248308,896606,30,0.07,0,22657.37,False,,2023-03-02 07:17:20+00:00
248311,896616,1,0.001,0,427620.44,False,,2023-07-01 06:17:32+00:00
248311,896616,3,0.0045,0,427620.44,False,,2023-07-01 06:17:32+00:00
248311,896616,7,0.009,0,427620.44,False,,2023-07-01 06:17:32+00:00
248311,896616,14,0.006,0,427620.44,False,,2023-07-01 06:17:32+00:00
248311,896616,30,0.014,0,427620.44,False,,2023-07-01 06:17:32+00:00
248312,901804,1,0.995,1,15625.88,False,,2023-07-01 06:18:44+00:00
248312,901804,3,0.985,1,15625.88,False,,2023-07-01 06:18:44+00:00
248312,901804,7,0.87,1,15625.88,False,,2023-07-01 06:18:44+00:00
248312,901804,14,0.875,1,15625.88,False,,2023-07-01 06:18:44+00:00
248312,901804,30,0.87,1,15625.88,False,,2023-07-01 06:18:44+00:00
248315,896628,1,0.05,0,39467.0,False,,2023-04-01 20:20:41+00:00
248315,896628,3,0.08,0,39467.0,False,,2023-04-01 20:20:41+00:00
248315,896628,7,0.06,0,39467.0,False,,2023-04-01 20:20:41+00:00
248315,896628,14,0.1,0,39467.0,False,,2023-04-01 20:20:41+00:00
248315,896628,30,0.23,0,39467.0,False,,2023-04-01 20:20:41+00:00
248316,901804,1,0.995,1,97672.91,False,,2023-07-01 06:18:08+00:00
248316,901804,3,0.99,1,97672.91,False,,2023-07-01 06:18:08+00:00
248316,901804,7,0.95,1,97672.91,False,,2023-07-01 06:18:08+00:00
248316,901804,14,0.98,1,97672.91,False,,2023-07-01 06:18:08+00:00
248316,901804,30,0.97,1,97672.91,False,,2023-07-01 06:18:08+00:00
248330,899343,1,0.13,0,7709.79,False,,2023-05-29 13:47:47+00:00
248330,899343,3,0.13,0,7709.79,False,,2023-05-29 13:47:47+00:00
248330,899343,7,0.135,0,7709.79,False,,2023-05-29 13:47:47+00:00
248330,899343,14,0.145,0,7709.79,False,,2023-05-29 13:47:47+00:00
248330,899343,30,0.235,0,7709.79,False,,2023-05-29 13:47:47+00:00
248331,899343,1,0.495,0,5108.39,False,,2023-05-29 13:48:23+00:00
248331,899343,3,0.495,0,5108.39,False,,2023-05-29 13:48:23+00:00
248331,899343,7,0.495,0,5108.39,False,,2023-05-29 13:48:23+00:00
248331,899343,14,0.495,0,5108.39,False,,2023-05-29 13:48:23+00:00
248331,899343,30,0.45,0,5108.39,False,,2023-05-29 13:48:23+00:00
248332,899343,1,0.875,1,2917.23,False,,2023-05-29 13:47:25+00:00
248332,899343,3,0.875,1,2917.23,False,,2023-05-29 13:47:25+00:00
248332,899343,7,0.825,1,2917.23,False,,2023-05-29 13:47:25+00:00
248332,899343,14,0.83,1,2917.23,False,,2023-05-29 13:47:25+00:00
248332,899343,30,0.94,1,2917.23,False,,2023-05-29 13:47:25+00:00
248362,901167,1,0.02,0,7109.83,False,,2023-04-01 07:51:06+00:00
248362,901167,3,0.02,0,7109.83,False,,2023-04-01 07:51:06+00:00
248362,901167,7,0.02,0,7109.83,False,,2023-04-01 07:51:06+00:00
248362,901167,14,0.01,0,7109.83,False,,2023-04-01 07:51:06+00:00
248362,901167,30,0.22,0,7109.83,False,,2023-04-01 07:51:06+00:00
248364,901169,1,0.03,0,52726.57,False,,2023-04-01 13:21:34+00:00
248364,901169,3,0.04,0,52726.57,False,,2023-04-01 13:21:34+00:00
248364,901169,7,0.04,0,52726.57,False,,2023-04-01 13:21:34+00:00
248364,901169,14,0.06,0,52726.57,False,,2023-04-01 13:21:34+00:00
248364,901169,30,0.04,0,52726.57,False,,2023-04-01 13:21:34+00:00
248365,901170,1,0.965,1,63212.7,False,,2023-05-24 20:49:02+00:00
248365,901170,3,0.985,1,63212.7,False,,2023-05-24 20:49:02+00:00
248365,901170,7,0.98,1,63212.7,False,,2023-05-24 20:49:02+00:00
248365,901170,14,0.93,1,63212.7,False,,2023-05-24 20:49:02+00:00
248365,901170,30,0.665,1,63212.7,False,,2023-05-24 20:49:02+00:00
248383,901188,1,0.92,1,53511.57,False,,2023-03-13 05:48:35+00:00
248383,901188,3,0.88,1,53511.57,False,,2023-03-13 05:48:35+00:00
248383,901188,7,0.86,1,53511.57,False,,2023-03-13 05:48:35+00:00
248383,901188,14,0.82,1,53511.57,False,,2023-03-13 05:48:35+00:00
248383,901188,30,0.7,1,53511.57,False,,2023-03-13 05:48:35+00:00
248384,901188,1,0.04,0,10787.3,False,,2023-03-13 05:48:19+00:00
248384,901188,3,0.04,0,10787.3,False,,2023-03-13 05:48:19+00:00
248384,901188,7,0.05,0,10787.3,False,,2023-03-13 05:48:19+00:00
248384,901188,14,0.05,0,10787.3,False,,2023-03-13 05:48:19+00:00
248384,901188,30,0.06,0,10787.3,False,,2023-03-13 05:48:19+00:00
248385,901189,1,0.005,0,26212.48,False,,2023-07-01 06:02:49+00:00
248385,901189,3,0.02,0,26212.48,False,,2023-07-01 06:02:49+00:00
248385,901189,7,0.02,0,26212.48,False,,2023-07-01 06:02:49+00:00
248385,901189,14,0.035,0,26212.48,False,,2023-07-01 06:02:49+00:00
248385,901189,30,0.005,0,26212.48,False,,2023-07-01 06:02:49+00:00
248386,901188,1,0.02,0,16828.32,False,,2023-03-13 05:48:57+00:00
248386,901188,3,0.02,0,16828.32,False,,2023-03-13 05:48:57+00:00
248386,901188,7,0.02,0,16828.32,False,,2023-03-13 05:48:57+00:00
248386,901188,14,0.04,0,16828.32,False,,2023-03-13 05:48:57+00:00
248386,901188,30,0.07,0,16828.32,False,,2023-03-13 05:48:57+00:00
248442,901198,1,0.03,0,29617.82,False,,2023-04-02 07:06:19+00:00
248442,901198,3,0.02,0,29617.82,False,,2023-04-02 07:06:19+00:00
248442,901198,7,0.07,0,29617.82,False,,2023-04-02 07:06:19+00:00
248442,901198,14,0.17,0,29617.82,False,,2023-04-02 07:06:19+00:00
248442,901198,30,0.09,0,29617.82,False,,2023-04-02 07:06:19+00:00
248444,5821,1,0.0005,0,768347.26,False,,2023-05-31 18:48:40+00:00
248444,5821,3,0.0025,0,768347.26,False,,2023-05-31 18:48:40+00:00
248444,5821,7,0.003,0,768347.26,False,,2023-05-31 18:48:40+00:00
248444,5821,14,0.005,0,768347.26,False,,2023-05-31 18:48:40+00:00
248444,5821,30,0.0075,0,768347.26,False,,2023-05-31 18:48:40+00:00
248451,901206,1,0.9,1,338254.28,False,,2023-04-01 19:05:29+00:00
248451,901206,3,0.8,1,338254.28,False,,2023-04-01 19:05:29+00:00
248451,901206,7,0.51,1,338254.28,False,,2023-04-01 19:05:29+00:00
248451,901206,14,1.0,1,338254.28,False,,2023-04-01 19:05:29+00:00
248451,901206,30,0.99,1,338254.28,False,,2023-04-01 19:05:29+00:00
248480,901219,1,0.15,0,7749.87,False,,2023-03-02 08:02:36+00:00
248480,901219,3,0.16,0,7749.87,False,,2023-03-02 08:02:36+00:00
248480,901219,7,0.14,0,7749.87,False,,2023-03-02 08:02:36+00:00
248480,901219,14,0.13,0,7749.87,False,,2023-03-02 08:02:36+00:00
248480,901219,30,0.35,0,7749.87,False,,2023-03-02 08:02:36+00:00
248481,901219,1,0.67,0,28043.27,False,,2023-04-05 16:35:03+00:00
248481,901219,3,0.61,0,28043.27,False,,2023-04-05 16:35:03+00:00
248481,901219,7,0.62,0,28043.27,False,,2023-04-05 16:35:03+00:00
248481,901219,14,0.49,0,28043.27,False,,2023-04-05 16:35:03+00:00
248481,901219,30,0.48,0,28043.27,False,,2023-04-05 16:35:03+00:00
248482,901219,1,0.5,0,3315.57,False,,2023-03-03 19:42:41+00:00
248482,901219,3,0.16,0,3315.57,False,,2023-03-03 19:42:41+00:00
248482,901219,7,0.21,0,3315.57,False,,2023-03-03 19:42:41+00:00
248482,901219,14,0.56,0,3315.57,False,,2023-03-03 19:42:41+00:00
248482,901219,30,0.12,0,3315.57,False,,2023-03-03 19:42:41+00:00
248488,901222,1,0.99,1,7181.67,False,,2023-04-01 08:05:32+00:00
248488,901222,3,0.99,1,7181.67,False,,2023-04-01 08:05:32+00:00
248488,901222,7,0.99,1,7181.67,False,,2023-04-01 08:05:32+00:00
248488,901222,14,0.99,1,7181.67,False,,2023-04-01 08:05:32+00:00
248488,901222,30,0.97,1,7181.67,False,,2023-04-01 08:05:32+00:00
248507,901169,1,0.99,1,29198.55,False,,2023-04-04 15:50:41+00:00
248507,901169,3,0.83,1,29198.55,False,,2023-04-04 15:50:41+00:00
248507,901169,7,0.94,1,29198.55,False,,2023-04-04 15:50:41+00:00
248507,901169,14,0.75,1,29198.55,False,,2023-04-04 15:50:41+00:00
248507,901169,30,0.28,1,29198.55,False,,2023-04-04 15:50:41+00:00
248509,901206,1,0.999,1,828643.88,False,,2023-06-01 18:02:57+00:00
248509,901206,3,0.9985,1,828643.88,False,,2023-06-01 18:02:57+00:00
248509,901206,7,0.9935,1,828643.88,False,,2023-06-01 18:02:57+00:00
248509,901206,14,0.9965,1,828643.88,False,,2023-06-01 18:02:57+00:00
248509,901206,30,0.9855,1,828643.88,False,,2023-06-01 18:02:57+00:00
248560,901188,1,0.03,0,13617.53,False,,2023-03-13 05:49:29+00:00
248560,901188,3,0.05,0,13617.53,False,,2023-03-13 05:49:29+00:00
248560,901188,7,0.05,0,13617.53,False,,2023-03-13 05:49:29+00:00
248560,901188,14,0.1,0,13617.53,False,,2023-03-13 05:49:29+00:00
248560,901188,30,0.16,0,13617.53,False,,2023-03-13 05:49:29+00:00
248561,901188,1,0.05,0,33210.56,False,,2023-03-13 15:09:53+00:00
248561,901188,3,0.04,0,33210.56,False,,2023-03-13 15:09:53+00:00
248561,901188,7,0.04,0,33210.56,False,,2023-03-13 15:09:53+00:00
248561,901188,14,0.06,0,33210.56,False,,2023-03-13 15:09:53+00:00
248561,901188,30,0.03,0,33210.56,False,,2023-03-13 15:09:53+00:00
248562,901188,1,0.54,1,6777.86,False,,2023-03-13 05:33:36+00:00
248562,901188,3,0.5,1,6777.86,False,,2023-03-13 05:33:36+00:00
248562,901188,7,0.43,1,6777.86,False,,2023-03-13 05:33:36+00:00
248562,901188,14,0.44,1,6777.86,False,,2023-03-13 05:33:36+00:00
248562,901188,30,0.57,1,6777.86,False,,2023-03-13 05:33:36+00:00
248563,901498,1,0.02,0,29991.06,False,,2023-03-22 20:06:18+00:00
248563,901498,3,0.02,0,29991.06,False,,2023-03-22 20:06:18+00:00
248563,901498,7,0.02,0,29991.06,False,,2023-03-22 20:06:18+00:00
248563,901498,14,0.01,0,29991.06,False,,2023-03-22 20:06:18+00:00
248563,901498,30,0.01,0,29991.06,False,,2023-03-22 20:06:18+00:00
248564,901498,1,0.24,0,119684.59,False,,2023-03-22 20:34:06+00:00
248564,901498,3,0.22,0,119684.59,False,,2023-03-22 20:34:06+00:00
248564,901498,7,0.13,0,119684.59,False,,2023-03-22 20:34:06+00:00
248564,901498,14,0.01,0,119684.59,False,,2023-03-22 20:34:06+00:00
248564,901498,30,0.01,0,119684.59,False,,2023-03-22 20:34:06+00:00
248565,901498,1,0.03,0,131282.01,False,,2023-03-22 20:34:20+00:00
248565,901498,3,0.03,0,131282.01,False,,2023-03-22 20:34:20+00:00
248565,901498,7,0.04,0,131282.01,False,,2023-03-22 20:34:20+00:00
248565,901498,14,0.63,0,131282.01,False,,2023-03-22 20:34:20+00:00
248565,901498,30,0.11,0,131282.01,False,,2023-03-22 20:34:20+00:00
248566,901498,1,0.75,1,173828.12,False,,2023-03-22 20:34:40+00:00
248566,901498,3,0.77,1,173828.12,False,,2023-03-22 20:34:40+00:00
248566,901498,7,0.85,1,173828.12,False,,2023-03-22 20:34:40+00:00
248566,901498,14,0.41,1,173828.12,False,,2023-03-22 20:34:40+00:00
248566,901498,30,0.89,1,173828.12,False,,2023-03-22 20:34:40+00:00
248594,896606,1,0.02,0,35102.73,False,,2023-05-02 06:05:32+00:00
248594,896606,3,0.015,0,35102.73,False,,2023-05-02 06:05:32+00:00
248594,896606,7,0.02,0,35102.73,False,,2023-05-02 06:05:32+00:00
248594,896606,14,0.05,0,35102.73,False,,2023-05-02 06:05:32+00:00
248594,896606,30,0.08,0,35102.73,False,,2023-05-02 06:05:32+00:00
248596,901259,1,0.8975,1,4820090.91,False,,2023-05-29 04:48:39+00:00
248596,901259,3,0.8935,1,4820090.91,False,,2023-05-29 04:48:39+00:00
248596,901259,7,0.864,1,4820090.91,False,,2023-05-29 04:48:39+00:00
248596,901259,14,0.7075,1,4820090.91,False,,2023-05-29 04:48:39+00:00
248596,901259,30,0.472,1,4820090.91,False,,2023-05-29 04:48:39+00:00
248657,901265,1,0.01,0,5064.74,False,,2023-07-01 06:16:16+00:00
248657,901265,3,0.01,0,5064.74,False,,2023-07-01 06:16:16+00:00
248657,901265,7,0.025,0,5064.74,False,,2023-07-01 06:16:16+00:00
248657,901265,14,0.01,0,5064.74,False,,2023-07-01 06:16:16+00:00
248657,901265,30,0.02,0,5064.74,False,,2023-07-01 06:16:16+00:00
248661,901268,1,0.02,0,8193.37,False,,2023-04-01 08:06:30+00:00
248661,901268,3,0.02,0,8193.37,False,,2023-04-01 08:06:30+00:00
248661,901268,7,0.03,0,8193.37,False,,2023-04-01 08:06:30+00:00
248661,901268,14,0.03,0,8193.37,False,,2023-04-01 08:06:30+00:00
248661,901268,30,0.12,0,8193.37,False,,2023-04-01 08:06:30+00:00
248705,901274,1,0.005,0,19365.93,False,,2023-05-03 01:20:11+00:00
248705,901274,3,0.015,0,19365.93,False,,2023-05-03 01:20:11+00:00
248705,901274,7,0.015,0,19365.93,False,,2023-05-03 01:20:11+00:00
248705,901274,14,0.01,0,19365.93,False,,2023-05-03 01:20:11+00:00
248705,901274,30,0.61,0,19365.93,False,,2023-05-03 01:20:11+00:00
248734,901280,1,0.05,0,7558.25,False,,2024-01-01 07:48:04+00:00
248734,901280,3,0.05,0,7558.25,False,,2024-01-01 07:48:04+00:00
248734,901280,7,0.0505,0,7558.25,False,,2024-01-01 07:48:04+00:00
248734,901280,14,0.0505,0,7558.25,False,,2024-01-01 07:48:04+00:00
248734,901280,30,0.025,0,7558.25,False,,2024-01-01 07:48:04+00:00
248758,901284,1,0.31,0,3153.05,False,,2023-03-14 14:48:44+00:00
248758,901284,3,0.36,0,3153.05,False,,2023-03-14 14:48:44+00:00
248758,901284,7,0.5,0,3153.05,False,,2023-03-14 14:48:44+00:00
248758,901284,14,0.4,0,3153.05,False,,2023-03-14 14:48:44+00:00
248760,901284,1,0.86,1,1545.86,False,,2023-03-18 02:19:58+00:00
248760,901284,3,0.86,1,1545.86,False,,2023-03-18 02:19:58+00:00
248760,901284,7,0.76,1,1545.86,False,,2023-03-18 02:19:58+00:00
248760,901284,14,0.53,1,1545.86,False,,2023-03-18 02:19:58+00:00
248760,901284,30,0.5,1,1545.86,False,,2023-03-18 02:19:58+00:00
248798,901295,1,0.98,1,9342.49,False,,2023-03-03 16:21:15+00:00
248798,901295,3,0.75,1,9342.49,False,,2023-03-03 16:21:15+00:00
248798,901295,7,0.98,1,9342.49,False,,2023-03-03 16:21:15+00:00
248798,901295,14,0.79,1,9342.49,False,,2023-03-03 16:21:15+00:00
248810,901297,1,0.01,0,40175.18,False,,2023-05-01 20:19:32+00:00
248810,901297,3,0.01,0,40175.18,False,,2023-05-01 20:19:32+00:00
248810,901297,7,0.01,0,40175.18,False,,2023-05-01 20:19:32+00:00
248810,901297,14,0.01,0,40175.18,False,,2023-05-01 20:19:32+00:00
248810,901297,30,0.03,0,40175.18,False,,2023-05-01 20:19:32+00:00
248811,901298,1,0.01,0,22476.66,False,,2023-03-07 03:01:39+00:00
248811,901298,3,0.01,0,22476.66,False,,2023-03-07 03:01:39+00:00
248811,901298,7,0.01,0,22476.66,False,,2023-03-07 03:01:39+00:00
248811,901298,14,0.01,0,22476.66,False,,2023-03-07 03:01:39+00:00
248812,901299,1,0.76,1,120728.04,False,,2023-03-15 19:18:40+00:00
248812,901299,3,0.8,1,120728.04,False,,2023-03-15 19:18:40+00:00
248812,901299,7,0.35,1,120728.04,False,,2023-03-15 19:18:40+00:00
248812,901299,14,0.35,1,120728.04,False,,2023-03-15 19:18:40+00:00
248814,901301,1,0.99,1,15060.81,False,,2023-05-01 06:05:21+00:00
248814,901301,3,0.99,1,15060.81,False,,2023-05-01 06:05:21+00:00
248814,901301,7,0.99,1,15060.81,False,,2023-05-01 06:05:21+00:00
248814,901301,14,0.99,1,15060.81,False,,2023-05-01 06:05:21+00:00
248814,901301,30,0.95,1,15060.81,False,,2023-05-01 06:05:21+00:00
248815,5846,1,0.99,1,39498.07,False,,2023-04-03 01:35:52+00:00
248815,5846,3,0.98,1,39498.07,False,,2023-04-03 01:35:52+00:00
248815,5846,7,0.76,1,39498.07,False,,2023-04-03 01:35:52+00:00
248815,5846,14,0.89,1,39498.07,False,,2023-04-03 01:35:52+00:00
248815,5846,30,0.58,1,39498.07,False,,2023-04-03 01:35:52+00:00
248820,901305,1,0.3,1,54131.61,False,,2023-04-01 20:05:27+00:00
248820,901305,3,0.3,1,54131.61,False,,2023-04-01 20:05:27+00:00
248820,901305,7,0.28,1,54131.61,False,,2023-04-01 20:05:27+00:00
248820,901305,14,0.48,1,54131.61,False,,2023-04-01 20:05:27+00:00
248820,901305,30,0.31,1,54131.61,False,,2023-04-01 20:05:27+00:00
248823,901308,1,0.01,0,8623.5,False,,2023-03-02 02:18:47+00:00
248823,901308,3,0.01,0,8623.5,False,,2023-03-02 02:18:47+00:00
248823,901308,7,0.02,0,8623.5,False,,2023-03-02 02:18:47+00:00
248824,901309,1,0.0505,0,5848.18,False,,2024-01-01 08:32:44+00:00
248824,901309,3,0.0505,0,5848.18,False,,2024-01-01 08:32:44+00:00
248824,901309,7,0.0505,0,5848.18,False,,2024-01-01 08:32:44+00:00
248824,901309,14,0.01,0,5848.18,False,,2024-01-01 08:32:44+00:00
248824,901309,30,0.0345,0,5848.18,False,,2024-01-01 08:32:44+00:00
248826,901188,1,0.92,1,6117.86,False,,2023-03-13 04:19:10+00:00
248826,901188,3,0.94,1,6117.86,False,,2023-03-13 04:19:10+00:00
248826,901188,7,0.94,1,6117.86,False,,2023-03-13 04:19:10+00:00
248826,901188,14,0.91,1,6117.86,False,,2023-03-13 04:19:10+00:00
248828,901188,1,0.35,0,1467.95,False,,2023-03-13 05:33:00+00:00
248828,901188,3,0.44,0,1467.95,False,,2023-03-13 05:33:00+00:00
248828,901188,7,0.48,0,1467.95,False,,2023-03-13 05:33:00+00:00
248828,901188,14,0.81,0,1467.95,False,,2023-03-13 05:33:00+00:00
248830,901311,1,1.0,1,2729.5,False,,2023-02-28 01:02:35+00:00
248830,901311,3,0.95,1,2729.5,False,,2023-02-28 01:02:35+00:00
248830,901311,7,0.8,1,2729.5,False,,2023-02-28 01:02:35+00:00
248831,901312,1,0.005,0,63118.17,False,,2023-07-01 06:03:39+00:00
248831,901312,3,0.01,0,63118.17,False,,2023-07-01 06:03:39+00:00
248831,901312,7,0.02,0,63118.17,False,,2023-07-01 06:03:39+00:00
248831,901312,14,0.02,0,63118.17,False,,2023-07-01 06:03:39+00:00
248831,901312,30,0.015,0,63118.17,False,,2023-07-01 06:03:39+00:00
248833,901314,1,0.475,1,2229.41,False,,2023-04-28 02:21:28+00:00
248833,901314,3,0.475,1,2229.41,False,,2023-04-28 02:21:28+00:00
248833,901314,7,0.475,1,2229.41,False,,2023-04-28 02:21:28+00:00
248833,901314,14,0.59,1,2229.41,False,,2023-04-28 02:21:28+00:00
248833,901314,30,0.33,1,2229.41,False,,2023-04-28 02:21:28+00:00
248836,901317,1,0.006,0,272977.91,False,,2024-01-01 07:20:07+00:00
248836,901317,3,0.006,0,272977.91,False,,2024-01-01 07:20:07+00:00
248836,901317,7,0.006,0,272977.91,False,,2024-01-01 07:20:07+00:00
248836,901317,14,0.0075,0,272977.91,False,,2024-01-01 07:20:07+00:00
248836,901317,30,0.0295,0,272977.91,False,,2024-01-01 07:20:07+00:00
248837,901311,1,1.0,1,10462.89,False,,2023-02-28 01:03:33+00:00
248837,901311,3,0.84,1,10462.89,False,,2023-02-28 01:03:33+00:00
248838,901311,1,1.0,1,6802.54,False,,2023-02-28 01:01:59+00:00
248838,901311,3,0.52,1,6802.54,False,,2023-02-28 01:01:59+00:00
248839,901188,1,0.44,0,1725.29,False,,2023-03-13 15:10:11+00:00
248839,901188,3,0.45,0,1725.29,False,,2023-03-13 15:10:11+00:00
248839,901188,7,0.45,0,1725.29,False,,2023-03-13 15:10:11+00:00
248839,901188,14,0.73,0,1725.29,False,,2023-03-13 15:10:11+00:00
248840,901318,1,0.3,0,6871.86,False,,2023-05-30 04:48:22+00:00
248840,901318,3,0.24,0,6871.86,False,,2023-05-30 04:48:22+00:00
248840,901318,7,0.045,0,6871.86,False,,2023-05-30 04:48:22+00:00
248840,901318,14,0.46,0,6871.86,False,,2023-05-30 04:48:22+00:00
248840,901318,30,0.395,0,6871.86,False,,2023-05-30 04:48:22+00:00
248841,901318,1,0.115,0,2274.94,False,,2023-04-27 06:49:56+00:00
248841,901318,3,0.28,0,2274.94,False,,2023-04-27 06:49:56+00:00
248841,901318,7,0.215,0,2274.94,False,,2023-04-27 06:49:56+00:00
248841,901318,14,0.25,0,2274.94,False,,2023-04-27 06:49:56+00:00
248841,901318,30,0.24,0,2274.94,False,,2023-04-27 06:49:56+00:00
248842,901318,1,0.155,0,1062.66,False,,2023-05-12 06:50:53+00:00
248842,901318,3,0.145,0,1062.66,False,,2023-05-12 06:50:53+00:00
248842,901318,7,0.105,0,1062.66,False,,2023-05-12 06:50:53+00:00
248842,901318,14,0.215,0,1062.66,False,,2023-05-12 06:50:53+00:00
248842,901318,30,0.17,0,1062.66,False,,2023-05-12 06:50:53+00:00
248843,901318,1,0.975,1,100072.3,False,,2023-06-13 05:02:08+00:00
248843,901318,3,0.915,1,100072.3,False,,2023-06-13 05:02:08+00:00
248843,901318,7,0.705,1,100072.3,False,,2023-06-13 05:02:08+00:00
248843,901318,14,0.59,1,100072.3,False,,2023-06-13 05:02:08+00:00
248843,901318,30,0.305,1,100072.3,False,,2023-06-13 05:02:08+00:00
248844,901319,1,0.965,1,1018.5,False,,2023-05-21 02:04:31+00:00
248844,901319,3,0.95,1,1018.5,False,,2023-05-21 02:04:31+00:00
248844,901319,7,0.935,1,1018.5,False,,2023-05-21 02:04:31+00:00
248844,901319,14,0.935,1,1018.5,False,,2023-05-21 02:04:31+00:00
248844,901319,30,0.675,1,1018.5,False,,2023-05-21 02:04:31+00:00
248845,901319,1,0.035,0,2931.89,False,,2023-05-21 02:03:37+00:00
248845,901319,3,0.47,0,2931.89,False,,2023-05-21 02:03:37+00:00
248845,901319,7,0.07,0,2931.89,False,,2023-05-21 02:03:37+00:00
248845,901319,14,0.1,0,2931.89,False,,2023-05-21 02:03:37+00:00
248845,901319,30,0.35,0,2931.89,False,,2023-05-21 02:03:37+00:00
248847,901319,1,0.005,0,2293.8,False,,2023-05-21 02:03:23+00:00
248847,901319,3,0.005,0,2293.8,False,,2023-05-21 02:03:23+00:00
248847,901319,7,0.005,0,2293.8,False,,2023-05-21 02:03:23+00:00
248847,901319,14,0.005,0,2293.8,False,,2023-05-21 02:03:23+00:00
248847,901319,30,0.005,0,2293.8,False,,2023-05-21 02:03:23+00:00
248849,901321,1,0.9785,1,94332.03,False,,2024-01-16 10:47:49+00:00
248849,901321,3,0.96,1,94332.03,False,,2024-01-16 10:47:49+00:00
248849,901321,7,0.947,1,94332.03,False,,2024-01-16 10:47:49+00:00
248849,901321,14,0.97,1,94332.03,False,,2024-01-16 10:47:49+00:00
248849,901321,30,0.905,1,94332.03,False,,2024-01-16 10:47:49+00:00
248850,901322,1,0.03,0,7709.19,False,,2023-04-01 19:06:55+00:00
248850,901322,3,0.03,0,7709.19,False,,2023-04-01 19:06:55+00:00
248850,901322,7,0.03,0,7709.19,False,,2023-04-01 19:06:55+00:00
248850,901322,14,0.04,0,7709.19,False,,2023-04-01 19:06:55+00:00
248850,901322,30,0.03,0,7709.19,False,,2023-04-01 19:06:55+00:00
248877,5828,1,0.0055,0,214872.73,False,,2024-07-16 09:14:23+00:00
248877,5828,3,0.0055,0,214872.73,False,,2024-07-16 09:14:23+00:00
248877,5828,7,0.0055,0,214872.73,False,,2024-07-16 09:14:23+00:00
248877,5828,14,0.077,0,214872.73,False,,2024-07-16 09:14:23+00:00
248877,5828,30,0.039,0,214872.73,False,,2024-07-16 09:14:23+00:00
248878,901332,1,0.89,1,24286.86,False,,2023-04-05 06:50:52+00:00
248878,901332,3,0.92,1,24286.86,False,,2023-04-05 06:50:52+00:00
248878,901332,7,0.88,1,24286.86,False,,2023-04-05 06:50:52+00:00
248878,901332,30,0.83,1,24286.86,False,,2023-04-05 06:50:52+00:00
248888,901343,1,0.14,0,34367.75,False,,2023-04-13 14:51:14+00:00
248888,901343,3,0.13,0,34367.75,False,,2023-04-13 14:51:14+00:00
248888,901343,7,0.13,0,34367.75,False,,2023-04-13 14:51:14+00:00
248888,901343,14,0.19,0,34367.75,False,,2023-04-13 14:51:14+00:00
248888,901343,30,0.33,0,34367.75,False,,2023-04-13 14:51:14+00:00
248890,901339,1,0.99,1,5477607.91,False,,2023-03-23 23:20:14+00:00
248890,901339,3,0.98,1,5477607.91,False,,2023-03-23 23:20:14+00:00
248890,901339,7,0.47,1,5477607.91,False,,2023-03-23 23:20:14+00:00
248890,901339,14,0.29,1,5477607.91,False,,2023-03-23 23:20:14+00:00
248892,901332,1,0.99,1,22598.07,False,,2023-04-26 17:05:05+00:00
248892,901332,3,0.99,1,22598.07,False,,2023-04-26 17:05:05+00:00
248892,901332,7,0.99,1,22598.07,False,,2023-04-26 17:05:05+00:00
248892,901332,14,0.99,1,22598.07,False,,2023-04-26 17:05:05+00:00
248892,901332,30,0.53,1,22598.07,False,,2023-04-26 17:05:05+00:00
248893,901342,1,0.8,1,51976.25,False,,2023-06-10 23:02:40+00:00
248893,901342,3,0.81,1,51976.25,False,,2023-06-10 23:02:40+00:00
248893,901342,7,0.82,1,51976.25,False,,2023-06-10 23:02:40+00:00
248893,901342,14,0.83,1,51976.25,False,,2023-06-10 23:02:40+00:00
248893,901342,30,0.58,1,51976.25,False,,2023-06-10 23:02:40+00:00
248896,901342,1,0.17,0,3172.55,False,,2023-05-17 23:04:30+00:00
248896,901342,3,0.175,0,3172.55,False,,2023-05-17 23:04:30+00:00
248896,901342,7,0.175,0,3172.55,False,,2023-05-17 23:04:30+00:00
248896,901342,14,0.2,0,3172.55,False,,2023-05-17 23:04:30+00:00
248896,901342,30,0.2,0,3172.55,False,,2023-05-17 23:04:30+00:00
248901,901219,1,0.34,1,13895.46,False,,2023-04-05 14:51:01+00:00
248901,901219,3,0.38,1,13895.46,False,,2023-04-05 14:51:01+00:00
248901,901219,7,0.39,1,13895.46,False,,2023-04-05 14:51:01+00:00
248901,901219,14,0.54,1,13895.46,False,,2023-04-05 14:51:01+00:00
248901,901219,30,0.54,1,13895.46,False,,2023-04-05 14:51:01+00:00
248914,901345,1,0.5,1,1747.64,False,,2023-02-28 05:17:36+00:00
248918,901346,1,0.5,0,1051.14,False,,2023-03-01 11:16:31+00:00
248920,901346,1,0.5,0,1502.54,False,,2023-03-01 11:18:55+00:00
248926,901347,1,0.5,1,1019.46,False,,2023-03-07 14:32:42+00:00
248926,901347,3,0.5,1,1019.46,False,,2023-03-07 14:32:42+00:00
248926,901347,7,0.36,1,1019.46,False,,2023-03-07 14:32:42+00:00
248940,901348,1,0.5,0,1200.29,False,,2023-03-02 05:31:07+00:00
248944,901350,1,0.5,1,1164.05,False,,2023-03-03 05:02:16+00:00
248944,901350,3,0.5,1,1164.05,False,,2023-03-03 05:02:16+00:00
248946,901350,1,0.5,1,1067.17,False,,2023-03-03 08:03:17+00:00
248946,901350,3,0.5,1,1067.17,False,,2023-03-03 08:03:17+00:00
248950,901351,1,0.5,0,1048.78,False,,2023-03-04 05:31:16+00:00
248950,901351,3,0.5,0,1048.78,False,,2023-03-04 05:31:16+00:00
248957,901352,1,0.5,0,3893.53,False,,2023-03-31 20:21:24+00:00
248957,901352,3,0.3,0,3893.53,False,,2023-03-31 20:21:24+00:00
248957,901352,7,0.33,0,3893.53,False,,2023-03-31 20:21:24+00:00
248957,901352,14,0.44,0,3893.53,False,,2023-03-31 20:21:24+00:00
248957,901352,30,0.27,0,3893.53,False,,2023-03-31 20:21:24+00:00
248958,901353,1,0.6,1,17042.31,False,,2023-03-05 08:00:58+00:00
248958,901353,3,0.58,1,17042.31,False,,2023-03-05 08:00:58+00:00
248972,901355,1,0.56,1,10352.09,False,,2023-03-05 18:46:06+00:00
248972,901355,3,0.54,1,10352.09,False,,2023-03-05 18:46:06+00:00
248974,901356,1,1.0,1,6885.81,False,,2023-03-07 01:45:33+00:00
248974,901356,3,0.99,1,6885.81,False,,2023-03-07 01:45:33+00:00
248975,901356,1,1.0,1,6436.45,False,,2023-03-07 01:45:43+00:00
248975,901356,3,0.96,1,6436.45,False,,2023-03-07 01:45:43+00:00
248976,901357,1,0.01,0,70896.68,False,,2023-04-01 20:35:11+00:00
248976,901357,3,0.01,0,70896.68,False,,2023-04-01 20:35:11+00:00
248976,901357,7,0.02,0,70896.68,False,,2023-04-01 20:35:11+00:00
248976,901357,14,0.02,0,70896.68,False,,2023-04-01 20:35:11+00:00
248977,901358,1,0.05,0,71747.56,False,,2023-04-01 07:52:00+00:00
248977,901358,3,0.05,0,71747.56,False,,2023-04-01 07:52:00+00:00
248977,901358,7,0.1,0,71747.56,False,,2023-04-01 07:52:00+00:00
248977,901358,14,0.26,0,71747.56,False,,2023-04-01 07:52:00+00:00
248998,901362,1,0.5,1,1493.03,False,,2023-03-06 07:46:15+00:00
248999,901363,1,0.5,0,1652.7,False,,2023-03-07 04:46:05+00:00
249006,901364,1,0.99,1,3017.7,False,,2023-03-14 01:30:48+00:00
249006,901364,3,0.93,1,3017.7,False,,2023-03-14 01:30:48+00:00
249006,901364,7,0.5,1,3017.7,False,,2023-03-14 01:30:48+00:00
249008,901365,1,0.55,1,8001.14,False,,2023-03-27 14:43:18+00:00
249008,901365,3,0.81,1,8001.14,False,,2023-03-27 14:43:18+00:00
249008,901365,7,0.5,1,8001.14,False,,2023-03-27 14:43:18+00:00
249008,901365,14,0.33,1,8001.14,False,,2023-03-27 14:43:18+00:00
249009,901366,1,0.005,0,29314.66,False,,2023-04-26 17:05:33+00:00
249009,901366,3,0.005,0,29314.66,False,,2023-04-26 17:05:33+00:00
249009,901366,7,0.01,0,29314.66,False,,2023-04-26 17:05:33+00:00
249009,901366,14,0.01,0,29314.66,False,,2023-04-26 17:05:33+00:00
249009,901366,30,0.6,0,29314.66,False,,2023-04-26 17:05:33+00:00
249010,901367,1,0.495,0,2004.71,False,,2023-05-14 06:34:23+00:00
249010,901367,3,0.085,0,2004.71,False,,2023-05-14 06:34:23+00:00
249010,901367,7,0.085,0,2004.71,False,,2023-05-14 06:34:23+00:00
249010,901367,14,0.155,0,2004.71,False,,2023-05-14 06:34:23+00:00
249010,901367,30,0.15,0,2004.71,False,,2023-05-14 06:34:23+00:00
249011,901367,1,0.595,1,3324.36,False,,2023-05-14 06:34:39+00:00
249011,901367,3,0.62,1,3324.36,False,,2023-05-14 06:34:39+00:00
249011,901367,7,0.6,1,3324.36,False,,2023-05-14 06:34:39+00:00
249011,901367,14,0.495,1,3324.36,False,,2023-05-14 06:34:39+00:00
249011,901367,30,0.5,1,3324.36,False,,2023-05-14 06:34:39+00:00
249013,901367,1,0.135,0,1835.72,False,,2023-05-14 06:34:07+00:00
249013,901367,3,0.18,0,1835.72,False,,2023-05-14 06:34:07+00:00
249013,901367,7,0.23,0,1835.72,False,,2023-05-14 06:34:07+00:00
249013,901367,14,0.145,0,1835.72,False,,2023-05-14 06:34:07+00:00
249013,901367,30,0.15,0,1835.72,False,,2023-05-14 06:34:07+00:00
249015,901367,1,0.22,0,1250.0,False,,2023-05-14 06:33:53+00:00
249015,901367,3,0.015,0,1250.0,False,,2023-05-14 06:33:53+00:00
249015,901367,7,0.015,0,1250.0,False,,2023-05-14 06:33:53+00:00
249015,901367,14,0.06,0,1250.0,False,,2023-05-14 06:33:53+00:00
249015,901367,30,0.06,0,1250.0,False,,2023-05-14 06:33:53+00:00
249016,901368,1,0.7,1,21138.4,False,,2023-03-08 00:31:54+00:00
249017,901368,1,0.53,1,12392.91,False,,2023-03-08 00:32:10+00:00
249018,901369,1,0.5,0,1538.52,False,,2023-03-09 01:02:05+00:00
249019,901369,1,0.53,1,3814.55,False,,2023-03-09 01:02:15+00:00
249028,901371,1,0.5,0,1045.58,False,,2023-03-09 04:31:54+00:00
249037,901374,1,0.01,0,80204.21,False,,2023-06-02 06:17:32+00:00
249037,901374,3,0.01,0,80204.21,False,,2023-06-02 06:17:32+00:00
249037,901374,7,0.02,0,80204.21,False,,2023-06-02 06:17:32+00:00
249037,901374,14,0.025,0,80204.21,False,,2023-06-02 06:17:32+00:00
249079,901384,1,0.99,1,5271.34,False,,2023-04-15 07:20:53+00:00
249079,901384,3,0.99,1,5271.34,False,,2023-04-15 07:20:53+00:00
249079,901384,7,0.98,1,5271.34,False,,2023-04-15 07:20:53+00:00
249079,901384,14,0.97,1,5271.34,False,,2023-04-15 07:20:53+00:00
249079,901384,30,0.43,1,5271.34,False,,2023-04-15 07:20:53+00:00
249080,901385,1,0.005,0,8984.34,False,,2023-06-01 08:32:17+00:00
249080,901385,3,0.025,0,8984.34,False,,2023-06-01 08:32:17+00:00
249080,901385,7,0.005,0,8984.34,False,,2023-06-01 08:32:17+00:00
249080,901385,14,0.015,0,8984.34,False,,2023-06-01 08:32:17+00:00
249080,901385,30,0.055,0,8984.34,False,,2023-06-01 08:32:17+00:00
249081,901252,1,0.52,0,5406.2,False,,2023-04-21 01:19:36+00:00
249081,901252,3,0.1,0,5406.2,False,,2023-04-21 01:19:36+00:00
249081,901252,7,0.12,0,5406.2,False,,2023-04-21 01:19:36+00:00
249081,901252,14,0.74,0,5406.2,False,,2023-04-21 01:19:36+00:00
249083,901387,1,0.95,1,25369.74,False,,2023-03-18 01:31:02+00:00
249083,901387,3,0.9,1,25369.74,False,,2023-03-18 01:31:02+00:00
249083,901387,7,0.14,1,25369.74,False,,2023-03-18 01:31:02+00:00
249092,901390,1,0.005,0,106144.74,False,,2023-07-01 06:19:22+00:00
249092,901390,3,0.005,0,106144.74,False,,2023-07-01 06:19:22+00:00
249092,901390,7,0.005,0,106144.74,False,,2023-07-01 06:19:22+00:00
249092,901390,14,0.02,0,106144.74,False,,2023-07-01 06:19:22+00:00
249092,901390,30,0.03,0,106144.74,False,,2023-07-01 06:19:22+00:00
249093,901391,1,0.01,0,19845.28,False,,2023-04-01 14:36:00+00:00
249093,901391,3,0.01,0,19845.28,False,,2023-04-01 14:36:00+00:00
249093,901391,7,0.01,0,19845.28,False,,2023-04-01 14:36:00+00:00
249093,901391,14,0.07,0,19845.28,False,,2023-04-01 14:36:00+00:00
249128,901397,1,0.3,0,21920.88,False,,2023-03-14 06:03:48+00:00
249129,896628,1,0.945,1,23701.17,False,,2023-04-25 14:36:21+00:00
249129,896628,3,0.925,1,23701.17,False,,2023-04-25 14:36:21+00:00
249129,896628,7,0.62,1,23701.17,False,,2023-04-25 14:36:21+00:00
249129,896628,14,0.61,1,23701.17,False,,2023-04-25 14:36:21+00:00
249129,896628,30,0.78,1,23701.17,False,,2023-04-25 14:36:21+00:00
249130,901398,1,0.17,1,2663.44,False,,2023-03-13 01:32:35+00:00
249131,901399,1,0.43,1,52917.76,False,,2023-03-14 00:17:11+00:00
249131,901399,3,0.63,1,52917.76,False,,2023-03-14 00:17:11+00:00
249134,901400,1,0.74,1,4255.17,False,,2023-03-14 00:02:21+00:00
249134,901400,3,0.75,1,4255.17,False,,2023-03-14 00:02:21+00:00
249136,901402,1,0.87,1,31257.26,False,,2023-03-13 16:04:09+00:00
249137,901404,1,0.96,1,19354.12,False,,2023-03-13 09:33:07+00:00
249154,901429,1,0.5,0,1563.51,False,,2023-03-16 03:02:07+00:00
249154,901429,3,0.5,0,1563.51,False,,2023-03-16 03:02:07+00:00
249162,901409,1,0.05,0,23754.02,False,,2023-03-18 10:01:56+00:00
249162,901409,3,0.15,0,23754.02,False,,2023-03-18 10:01:56+00:00
249163,901410,1,0.01,0,1692.94,False,,2023-04-01 07:50:20+00:00
249163,901410,3,0.01,0,1692.94,False,,2023-04-01 07:50:20+00:00
249163,901410,7,0.01,0,1692.94,False,,2023-04-01 07:50:20+00:00
249163,901410,14,0.08,0,1692.94,False,,2023-04-01 07:50:20+00:00
249164,5821,1,0.002,0,1164870.51,False,,2023-09-30 20:20:39+00:00
249164,5821,3,0.0015,0,1164870.51,False,,2023-09-30 20:20:39+00:00
249164,5821,7,0.0015,0,1164870.51,False,,2023-09-30 20:20:39+00:00
249164,5821,14,0.002,0,1164870.51,False,,2023-09-30 20:20:39+00:00
249164,5821,30,0.005,0,1164870.51,False,,2023-09-30 20:20:39+00:00
249166,901412,1,0.01,0,3823.0,False,,2023-03-18 08:17:04+00:00
249166,901412,3,0.01,0,3823.0,False,,2023-03-18 08:17:04+00:00
249167,901412,1,0.01,0,7111.39,False,,2023-03-18 06:31:58+00:00
249167,901412,3,0.05,0,7111.39,False,,2023-03-18 06:31:58+00:00
249168,901412,1,0.01,0,1210.0,False,,2023-03-18 10:02:06+00:00
249168,901412,3,0.45,0,1210.0,False,,2023-03-18 10:02:06+00:00
249173,901412,1,0.01,0,16205.0,False,,2023-03-18 06:17:00+00:00
249173,901412,3,0.01,0,16205.0,False,,2023-03-18 06:17:00+00:00
249174,901415,1,0.23,1,49334.61,False,,2023-03-26 02:00:11+00:00
249174,901415,3,0.39,1,49334.61,False,,2023-03-26 02:00:11+00:00
249174,901415,7,0.69,1,49334.61,False,,2023-03-26 02:00:11+00:00
249177,901418,1,0.5,0,1025.0,False,,2023-03-25 03:30:36+00:00
249177,901418,7,0.5,0,1025.0,False,,2023-03-25 03:30:36+00:00
249178,901418,1,0.44,1,5928.22,False,,2023-03-17 00:32:30+00:00
249185,901419,1,0.7,1,88839.18,False,,2023-03-19 20:48:06+00:00
249185,901419,3,0.35,1,88839.18,False,,2023-03-19 20:48:06+00:00
249211,901425,1,0.5,0,1001.11,False,,2023-03-16 04:17:30+00:00
249215,901425,1,0.5,1,1520.2,False,,2023-03-16 04:47:41+00:00
249216,901425,1,0.5,0,1038.46,False,,2023-03-16 05:32:34+00:00
249217,901423,1,0.5,1,1664.1,False,,2023-03-16 05:32:46+00:00
249221,901426,1,0.46,1,1816.91,False,,2023-03-16 20:48:07+00:00
249224,901426,1,0.95,1,1500.0,False,,2023-03-16 22:03:55+00:00
249252,901430,1,0.45,0,2083.52,False,,2023-03-21 01:03:29+00:00
249252,901430,3,0.03,0,2083.52,False,,2023-03-21 01:03:29+00:00
249271,901435,1,1.0,1,217504.79,False,,2023-03-30 18:21:02+00:00
249271,901435,3,0.98,1,217504.79,False,,2023-03-30 18:21:02+00:00
249271,901435,7,0.93,1,217504.79,False,,2023-03-30 18:21:02+00:00
249274,901438,1,0.98,1,892786.54,False,,2023-03-30 18:20:34+00:00
249274,901438,3,0.92,1,892786.54,False,,2023-03-30 18:20:34+00:00
249274,901438,7,0.7,1,892786.54,False,,2023-03-30 18:20:34+00:00
249312,901445,1,0.31,1,10347.22,False,,2023-03-19 02:18:53+00:00
249340,901447,1,0.53,1,3910.19,False,,2023-04-12 14:51:15+00:00
249340,901447,3,0.96,1,3910.19,False,,2023-04-12 14:51:15+00:00
249340,901447,7,0.96,1,3910.19,False,,2023-04-12 14:51:15+00:00
249340,901447,14,0.94,1,3910.19,False,,2023-04-12 14:51:15+00:00
249341,901447,1,0.86,0,1812.25,False,,2023-04-12 14:49:31+00:00
249341,901447,3,0.87,0,1812.25,False,,2023-04-12 14:49:31+00:00
249341,901447,7,0.87,0,1812.25,False,,2023-04-12 14:49:31+00:00
249341,901447,14,0.77,0,1812.25,False,,2023-04-12 14:49:31+00:00
249342,901447,1,0.45,0,3724.9,False,,2023-04-12 14:50:43+00:00
249342,901447,3,0.56,0,3724.9,False,,2023-04-12 14:50:43+00:00
249342,901447,7,0.45,0,3724.9,False,,2023-04-12 14:50:43+00:00
249342,901447,14,0.34,0,3724.9,False,,2023-04-12 14:50:43+00:00
249345,901449,1,0.83,1,26302.59,False,,2023-03-24 15:32:33+00:00
249345,901449,3,0.63,1,26302.59,False,,2023-03-24 15:32:33+00:00
249373,901457,1,0.005,0,379670.32,False,,2023-06-18 06:31:33+00:00
249373,901457,3,0.005,0,379670.32,False,,2023-06-18 06:31:33+00:00
249373,901457,7,0.005,0,379670.32,False,,2023-06-18 06:31:33+00:00
249373,901457,14,0.005,0,379670.32,False,,2023-06-18 06:31:33+00:00
249373,901457,30,0.005,0,379670.32,False,,2023-06-18 06:31:33+00:00
249403,901461,1,0.14,0,30610.51,False,,2023-03-22 07:18:40+00:00
249404,901462,1,0.13,0,1117.22,False,,2023-04-08 06:16:40+00:00
249404,901462,3,0.18,0,1117.22,False,,2023-04-08 06:16:40+00:00
249404,901462,7,0.26,0,1117.22,False,,2023-04-08 06:16:40+00:00
249407,901465,1,0.005,0,8225.49,False,,2023-07-01 06:17:54+00:00
249407,901465,3,0.035,0,8225.49,False,,2023-07-01 06:17:54+00:00
249407,901465,7,0.005,0,8225.49,False,,2023-07-01 06:17:54+00:00
249407,901465,14,0.005,0,8225.49,False,,2023-07-01 06:17:54+00:00
249407,901465,30,0.005,0,8225.49,False,,2023-07-01 06:17:54+00:00
249409,901466,1,0.94,1,6023.63,False,,2023-03-27 23:51:25+00:00
249409,901466,3,0.96,1,6023.63,False,,2023-03-27 23:51:25+00:00
249410,901466,1,0.08,0,3639.94,False,,2023-03-27 23:51:17+00:00
249410,901466,3,0.46,0,3639.94,False,,2023-03-27 23:51:17+00:00
249411,901467,1,0.01,0,87202.74,False,,2023-03-30 18:15:50+00:00
249411,901467,3,0.01,0,87202.74,False,,2023-03-30 18:15:50+00:00
249411,901467,7,0.02,0,87202.74,False,,2023-03-30 18:15:50+00:00
249412,896606,1,0.06,1,58214.85,False,,2023-06-20 15:46:13+00:00
249412,896606,3,0.04,1,58214.85,False,,2023-06-20 15:46:13+00:00
249412,896606,7,0.065,1,58214.85,False,,2023-06-20 15:46:13+00:00
249412,896606,14,0.13,1,58214.85,False,,2023-06-20 15:46:13+00:00
249412,896606,30,0.145,1,58214.85,False,,2023-06-20 15:46:13+00:00
249415,901554,1,0.495,0,2208.12,False,,2023-05-02 06:04:18+00:00
249415,901554,3,0.16,0,2208.12,False,,2023-05-02 06:04:18+00:00
249415,901554,7,0.205,0,2208.12,False,,2023-05-02 06:04:18+00:00
249415,901554,14,0.05,0,2208.12,False,,2023-05-02 06:04:18+00:00
249487,901481,1,0.005,0,135254.65,False,,2023-05-01 07:20:01+00:00
249487,901481,3,0.005,0,135254.65,False,,2023-05-01 07:20:01+00:00
249487,901481,7,0.015,0,135254.65,False,,2023-05-01 07:20:01+00:00
249487,901481,14,0.02,0,135254.65,False,,2023-05-01 07:20:01+00:00
249487,901481,30,0.44,0,135254.65,False,,2023-05-01 07:20:01+00:00
249488,901482,1,0.01,0,12449.15,False,,2023-03-25 06:19:20+00:00
249495,901497,1,0.01,0,9782.96,False,,2023-05-03 20:04:49+00:00
249495,901497,3,0.005,0,9782.96,False,,2023-05-03 20:04:49+00:00
249495,901497,7,0.01,0,9782.96,False,,2023-05-03 20:04:49+00:00
249495,901497,14,0.01,0,9782.96,False,,2023-05-03 20:04:49+00:00
249495,901497,30,0.04,0,9782.96,False,,2023-05-03 20:04:49+00:00
249497,901497,1,0.035,0,59840.96,False,,2023-05-03 20:05:03+00:00
249497,901497,3,0.055,0,59840.96,False,,2023-05-03 20:05:03+00:00
249497,901497,7,0.105,0,59840.96,False,,2023-05-03 20:05:03+00:00
249497,901497,14,0.1,0,59840.96,False,,2023-05-03 20:05:03+00:00
249497,901497,30,0.43,0,59840.96,False,,2023-05-03 20:05:03+00:00
249498,901497,1,0.955,1,161929.81,False,,2023-05-03 20:06:25+00:00
249498,901497,3,0.95,1,161929.81,False,,2023-05-03 20:06:25+00:00
249498,901497,7,0.885,1,161929.81,False,,2023-05-03 20:06:25+00:00
249498,901497,14,0.94,1,161929.81,False,,2023-05-03 20:06:25+00:00
249498,901497,30,0.58,1,161929.81,False,,2023-05-03 20:06:25+00:00
249499,901497,1,0.025,0,17386.71,False,,2023-05-03 20:04:19+00:00
249499,901497,3,0.01,0,17386.71,False,,2023-05-03 20:04:19+00:00
249499,901497,7,0.01,0,17386.71,False,,2023-05-03 20:04:19+00:00
249499,901497,14,0.02,0,17386.71,False,,2023-05-03 20:04:19+00:00
249499,901497,30,0.03,0,17386.71,False,,2023-05-03 20:04:19+00:00
249523,901509,1,0.47,0,46497.35,False,,2023-03-31 11:31:54+00:00
249523,901509,3,0.22,0,46497.35,False,,2023-03-31 11:31:54+00:00
249523,901509,7,0.5,0,46497.35,False,,2023-03-31 11:31:54+00:00
249524,901511,1,0.655,0,66833.11,False,,2023-04-30 15:20:09+00:00
249524,901511,3,0.575,0,66833.11,False,,2023-04-30 15:20:09+00:00
249524,901511,7,0.685,0,66833.11,False,,2023-04-30 15:20:09+00:00
249524,901511,14,0.7,0,66833.11,False,,2023-04-30 15:20:09+00:00
249524,901511,30,0.5,0,66833.11,False,,2023-04-30 15:20:09+00:00
249525,901511,1,0.755,1,16873.96,False,,2023-04-26 14:49:47+00:00
249525,901511,3,0.995,1,16873.96,False,,2023-04-26 14:49:47+00:00
249525,901511,7,0.96,1,16873.96,False,,2023-04-26 14:49:47+00:00
249525,901511,14,0.5,1,16873.96,False,,2023-04-26 14:49:47+00:00
249527,901512,1,0.01,0,21985.43,False,,2023-03-30 18:17:04+00:00
249527,901512,3,0.05,0,21985.43,False,,2023-03-30 18:17:04+00:00
249544,901515,1,0.5,0,2773.48,False,,2023-03-26 05:33:55+00:00
249551,901509,1,0.74,1,29453.85,False,,2023-03-31 11:32:22+00:00
249551,901509,3,0.37,1,29453.85,False,,2023-03-31 11:32:22+00:00
249552,901509,1,0.96,1,16772.39,False,,2023-03-31 16:47:10+00:00
249552,901509,3,0.69,1,16772.39,False,,2023-03-31 16:47:10+00:00
249574,901520,1,0.85,1,72224.02,False,,2023-06-10 07:46:46+00:00
249574,901520,3,0.8,1,72224.02,False,,2023-06-10 07:46:46+00:00
249574,901520,7,0.75,1,72224.02,False,,2023-06-10 07:46:46+00:00
249574,901520,14,0.825,1,72224.02,False,,2023-06-10 07:46:46+00:00
249574,901520,30,0.815,1,72224.02,False,,2023-06-10 07:46:46+00:00
249576,901522,1,0.015,0,22255.19,False,,2023-05-01 06:34:18+00:00
249576,901522,3,0.015,0,22255.19,False,,2023-05-01 06:34:18+00:00
249576,901522,7,0.015,0,22255.19,False,,2023-05-01 06:34:18+00:00
249576,901522,14,0.02,0,22255.19,False,,2023-05-01 06:34:18+00:00
249576,901522,30,0.03,0,22255.19,False,,2023-05-01 06:34:18+00:00
249579,901524,1,0.35,0,34249.6,False,,2023-04-08 06:47:16+00:00
249579,901524,3,0.5,0,34249.6,False,,2023-04-08 06:47:16+00:00
249579,901524,7,0.68,0,34249.6,False,,2023-04-08 06:47:16+00:00
249595,901527,1,0.5,1,2861.51,False,,2023-03-29 03:33:54+00:00
249611,901529,1,0.5,0,3327.96,False,,2023-03-29 07:03:54+00:00
249612,901531,1,0.23,0,5200.0,False,,2023-03-29 18:33:45+00:00
249613,901532,1,0.005,0,3431.48,False,,2023-05-01 06:20:22+00:00
249613,901532,3,0.015,0,3431.48,False,,2023-05-01 06:20:22+00:00
249613,901532,7,0.035,0,3431.48,False,,2023-05-01 06:20:22+00:00
249613,901532,14,0.04,0,3431.48,False,,2023-05-01 06:20:22+00:00
249613,901532,30,0.08,0,3431.48,False,,2023-05-01 06:20:22+00:00
249621,901533,1,0.5,0,3917.15,False,,2023-03-30 04:33:41+00:00
249641,901537,1,0.5,0,1010.13,False,,2023-04-01 03:33:06+00:00
249641,901537,3,0.5,0,1010.13,False,,2023-04-01 03:33:06+00:00
249648,901537,1,0.5,1,2525.29,False,,2023-04-01 04:32:48+00:00
249648,901537,3,0.5,1,2525.29,False,,2023-04-01 04:32:48+00:00
249649,901537,1,0.5,0,1569.79,False,,2023-04-01 05:17:52+00:00
249649,901537,3,0.5,0,1569.79,False,,2023-04-01 05:17:52+00:00
249659,901540,1,0.5,1,8349.99,False,,2023-04-02 02:32:53+00:00
249659,901540,3,0.5,1,8349.99,False,,2023-04-02 02:32:53+00:00
249665,901541,1,0.5,1,5558.25,False,,2023-04-02 04:18:16+00:00
249665,901541,3,0.5,1,5558.25,False,,2023-04-02 04:18:16+00:00
249683,901542,1,0.5,1,3811.2,False,,2023-04-03 03:03:18+00:00
249683,901542,3,0.5,1,3811.2,False,,2023-04-03 03:03:18+00:00
249691,901542,1,0.5,1,2280.93,False,,2023-04-03 05:32:58+00:00
249691,901542,3,0.5,1,2280.93,False,,2023-04-03 05:32:58+00:00
249695,901542,1,0.5,1,2500.0,False,,2023-04-03 05:33:08+00:00
249695,901542,3,0.5,1,2500.0,False,,2023-04-03 05:33:08+00:00
249696,901544,1,0.125,0,47790.31,False,,2023-04-22 10:34:54+00:00
249696,901544,3,0.96,0,47790.31,False,,2023-04-22 10:34:54+00:00
249696,901544,7,0.84,0,47790.31,False,,2023-04-22 10:34:54+00:00
249696,901544,14,0.38,0,47790.31,False,,2023-04-22 10:34:54+00:00
249700,901469,1,0.14,1,195617.45,False,,2023-05-12 12:20:38+00:00
249700,901469,3,0.06,1,195617.45,False,,2023-05-12 12:20:38+00:00
249700,901469,7,0.045,1,195617.45,False,,2023-05-12 12:20:38+00:00
249700,901469,14,0.085,1,195617.45,False,,2023-05-12 12:20:38+00:00
249700,901469,30,0.09,1,195617.45,False,,2023-05-12 12:20:38+00:00
249701,901555,1,0.005,0,16905.91,False,,2023-06-02 06:04:07+00:00
249701,901555,3,0.015,0,16905.91,False,,2023-06-02 06:04:07+00:00
249701,901555,7,0.015,0,16905.91,False,,2023-06-02 06:04:07+00:00
249701,901555,14,0.025,0,16905.91,False,,2023-06-02 06:04:07+00:00
249701,901555,30,0.05,0,16905.91,False,,2023-06-02 06:04:07+00:00
249703,5846,1,1.0,1,41736.52,False,,2023-04-03 01:33:28+00:00
249703,5846,3,0.99,1,41736.52,False,,2023-04-03 01:33:28+00:00
249744,901552,1,0.5,0,1100.0,False,,2023-04-02 01:34:08+00:00
249744,901552,3,0.5,0,1100.0,False,,2023-04-02 01:34:08+00:00
249748,901511,1,0.01,0,1928.85,False,,2023-04-29 18:21:17+00:00
249748,901511,3,0.005,0,1928.85,False,,2023-04-29 18:21:17+00:00
249748,901511,7,0.01,0,1928.85,False,,2023-04-29 18:21:17+00:00
249748,901511,14,0.08,0,1928.85,False,,2023-04-29 18:21:17+00:00
249748,901511,30,0.5,0,1928.85,False,,2023-04-29 18:21:17+00:00
249751,901552,1,0.5,1,1450.0,False,,2023-04-02 06:03:48+00:00
249751,901552,3,0.5,1,1450.0,False,,2023-04-02 06:03:48+00:00
249754,901553,1,0.745,1,7354.71,False,,2023-05-16 16:33:59+00:00
249754,901553,3,0.655,1,7354.71,False,,2023-05-16 16:33:59+00:00
249754,901553,7,0.105,1,7354.71,False,,2023-05-16 16:33:59+00:00
249754,901553,14,0.105,1,7354.71,False,,2023-05-16 16:33:59+00:00
249754,901553,30,0.13,1,7354.71,False,,2023-05-16 16:33:59+00:00
249762,901557,1,0.89,1,13089.81,False,,2023-04-07 15:02:37+00:00
249762,901557,3,0.76,1,13089.81,False,,2023-04-07 15:02:37+00:00
249762,901557,7,0.7,1,13089.81,False,,2023-04-07 15:02:37+00:00
249763,901558,1,0.45,0,15288.23,False,,2023-04-09 07:33:53+00:00
249763,901558,3,0.55,0,15288.23,False,,2023-04-09 07:33:53+00:00
249767,901559,1,0.815,1,40785.62,False,,2023-06-09 04:17:03+00:00
249767,901559,3,0.765,1,40785.62,False,,2023-06-09 04:17:03+00:00
249767,901559,7,0.465,1,40785.62,False,,2023-06-09 04:17:03+00:00
249767,901559,14,0.645,1,40785.62,False,,2023-06-09 04:17:03+00:00
249767,901559,30,0.435,1,40785.62,False,,2023-06-09 04:17:03+00:00
249774,901563,1,0.29,1,5618.37,False,,2023-04-02 22:04:02+00:00
249776,901563,1,0.57,1,1518.95,False,,2023-04-02 22:33:59+00:00
249780,901563,1,0.5,0,1000.0,False,,2023-04-02 23:33:51+00:00
249781,901563,1,0.45,1,1142.86,False,,2023-04-02 23:34:01+00:00
249782,901563,1,0.47,0,1000.0,False,,2023-04-02 23:34:11+00:00
249783,901563,1,0.39,0,2508.06,False,,2023-04-03 00:48:55+00:00
249788,901564,1,0.5,1,11307.06,False,,2023-04-03 22:33:28+00:00
249800,901565,1,0.5,0,1032.79,False,,2023-04-04 06:48:31+00:00
249800,901565,3,0.5,0,1032.79,False,,2023-04-04 06:48:31+00:00
249806,901567,1,0.5,1,7500.0,False,,2023-04-02 18:49:30+00:00
249809,901569,1,0.24,0,6060.75,False,,2023-04-04 05:48:41+00:00
249834,901572,1,0.5,1,5500.0,False,,2023-04-05 06:48:32+00:00
249838,901572,1,0.5,1,10600.51,False,,2023-04-05 08:18:35+00:00
249851,901575,1,0.5,0,5980.0,False,,2023-04-06 02:03:48+00:00
249854,901576,1,0.5,1,1030.48,False,,2023-04-06 04:03:50+00:00
249858,901576,1,0.5,1,3010.71,False,,2023-04-06 05:03:52+00:00
249872,901579,1,0.5,0,1010.9,False,,2023-04-07 04:03:51+00:00
249872,901579,3,0.5,0,1010.9,False,,2023-04-07 04:03:51+00:00
249875,901579,1,0.5,1,1792.88,False,,2023-04-07 07:18:55+00:00
249875,901579,3,0.5,1,1792.88,False,,2023-04-07 07:18:55+00:00
249883,901583,1,0.71,1,12805.49,False,,2023-04-06 01:19:23+00:00
249884,901584,1,0.01,0,7641.26,False,,2023-04-07 00:04:14+00:00
249884,901584,3,0.33,0,7641.26,False,,2023-04-07 00:04:14+00:00
249886,901585,1,0.02,0,95360.13,False,,2023-04-08 06:03:49+00:00
249886,901585,3,0.02,0,95360.13,False,,2023-04-08 06:03:49+00:00
249888,901588,1,0.57,1,4598.75,False,,2023-04-06 01:19:43+00:00
249908,901591,1,0.01,0,5025.15,False,,2023-06-01 08:34:05+00:00
249908,901591,3,0.01,0,5025.15,False,,2023-06-01 08:34:05+00:00
249908,901591,7,0.01,0,5025.15,False,,2023-06-01 08:34:05+00:00
249908,901591,14,0.015,0,5025.15,False,,2023-06-01 08:34:05+00:00
249908,901591,30,0.04,0,5025.15,False,,2023-06-01 08:34:05+00:00
249920,901594,1,0.92,0,4312.53,False,,2023-04-07 20:49:19+00:00
249921,901595,1,0.01,0,1837.85,False,,2023-05-01 06:06:39+00:00
249921,901595,3,0.02,0,1837.85,False,,2023-05-01 06:06:39+00:00
249921,901595,7,0.02,0,1837.85,False,,2023-05-01 06:06:39+00:00
249921,901595,14,0.05,0,1837.85,False,,2023-05-01 06:06:39+00:00
249923,901597,1,0.02,0,45443.35,False,,2023-11-14 09:02:37+00:00
249923,901597,3,0.0055,0,45443.35,False,,2023-11-14 09:02:37+00:00
249923,901597,7,0.02,0,45443.35,False,,2023-11-14 09:02:37+00:00
249923,901597,14,0.02,0,45443.35,False,,2023-11-14 09:02:37+00:00
249923,901597,30,0.0475,0,45443.35,False,,2023-11-14 09:02:37+00:00
249936,901599,1,0.88,1,1873.47,False,,2023-04-14 18:16:36+00:00
249936,901599,3,0.8,1,1873.47,False,,2023-04-14 18:16:36+00:00
249936,901599,7,0.5,1,1873.47,False,,2023-04-14 18:16:36+00:00
249965,901604,1,0.5,1,2500.0,False,,2023-04-09 02:19:35+00:00
249966,901603,1,0.5,1,1018.52,False,,2023-04-09 00:34:51+00:00
249967,901603,1,0.5,0,1928.57,False,,2023-04-09 00:35:03+00:00
249986,901465,1,0.01,0,4171.92,False,,2023-05-01 06:06:11+00:00
249986,901465,3,0.01,0,4171.92,False,,2023-05-01 06:06:11+00:00
249986,901465,7,0.01,0,4171.92,False,,2023-05-01 06:06:11+00:00
249986,901465,14,0.4,0,4171.92,False,,2023-05-01 06:06:11+00:00
249987,901608,1,0.995,1,81789.58,False,,2023-07-09 07:47:41+00:00
249987,901608,3,0.995,1,81789.58,False,,2023-07-09 07:47:41+00:00
249987,901608,7,0.995,1,81789.58,False,,2023-07-09 07:47:41+00:00
249987,901608,14,0.995,1,81789.58,False,,2023-07-09 07:47:41+00:00
249987,901608,30,0.99,1,81789.58,False,,2023-07-09 07:47:41+00:00
249989,901609,1,0.97,1,1430.83,False,,2023-04-14 18:03:28+00:00
249989,901609,3,0.7,1,1430.83,False,,2023-04-14 18:03:28+00:00
249992,901611,1,0.875,1,41378.08,False,,2023-05-31 18:03:48+00:00
249992,901611,3,0.85,1,41378.08,False,,2023-05-31 18:03:48+00:00
249992,901611,7,0.905,1,41378.08,False,,2023-05-31 18:03:48+00:00
249992,901611,14,0.95,1,41378.08,False,,2023-05-31 18:03:48+00:00
249992,901611,30,0.75,1,41378.08,False,,2023-05-31 18:03:48+00:00
249993,901612,1,0.01,0,1066.73,False,,2023-05-01 06:20:48+00:00
249993,901612,3,0.14,0,1066.73,False,,2023-05-01 06:20:48+00:00
249993,901612,7,0.14,0,1066.73,False,,2023-05-01 06:20:48+00:00
249993,901612,14,0.48,0,1066.73,False,,2023-05-01 06:20:48+00:00
250023,901614,1,0.5,0,5500.0,False,,2023-04-10 03:33:57+00:00
250038,901618,1,0.5,0,1922.87,False,,2023-04-10 23:18:45+00:00
250040,901618,1,0.5,0,1540.79,False,,2023-04-11 03:33:51+00:00
250053,901620,1,0.64,0,1515.23,False,,2023-04-12 04:05:35+00:00
250056,901622,1,0.5,1,3500.0,False,,2023-04-12 03:18:39+00:00
250071,901624,1,0.01,0,34166.0,False,,2023-04-15 07:18:11+00:00
250071,901624,3,0.01,0,34166.0,False,,2023-04-15 07:18:11+00:00
250072,901625,1,0.02,0,5316.73,False,,2023-05-09 01:34:10+00:00
250072,901625,3,0.345,0,5316.73,False,,2023-05-09 01:34:10+00:00
250072,901625,7,0.37,0,5316.73,False,,2023-05-09 01:34:10+00:00
250072,901625,14,0.305,0,5316.73,False,,2023-05-09 01:34:10+00:00
250073,901625,1,0.025,0,2186.98,False,,2023-05-09 01:49:06+00:00
250073,901625,3,0.02,0,2186.98,False,,2023-05-09 01:49:06+00:00
250073,901625,7,0.085,0,2186.98,False,,2023-05-09 01:49:06+00:00
250073,901625,14,0.165,0,2186.98,False,,2023-05-09 01:49:06+00:00
250075,901626,1,0.085,0,25031.48,False,,2023-06-18 08:47:21+00:00
250075,901626,3,0.005,0,25031.48,False,,2023-06-18 08:47:21+00:00
250075,901626,7,0.045,0,25031.48,False,,2023-06-18 08:47:21+00:00
250075,901626,14,0.08,0,25031.48,False,,2023-06-18 08:47:21+00:00
250075,901626,30,0.235,0,25031.48,False,,2023-06-18 08:47:21+00:00
250079,901629,1,0.5,0,4500.03,False,,2023-04-12 22:04:04+00:00
250080,901629,1,0.5,1,1000.0,False,,2023-04-12 22:19:02+00:00
250083,901629,1,0.5,0,1000.0,False,,2023-04-12 23:19:00+00:00
250094,901630,1,0.67,0,6931.02,False,,2023-04-13 06:33:52+00:00
250101,901635,1,0.975,1,6316.09,False,,2023-04-26 06:50:12+00:00
250101,901635,3,0.975,1,6316.09,False,,2023-04-26 06:50:12+00:00
250101,901635,7,0.64,1,6316.09,False,,2023-04-26 06:50:12+00:00
250101,901635,14,0.5,1,6316.09,False,,2023-04-26 06:50:12+00:00
250102,901635,1,0.505,0,21965.02,False,,2023-05-01 00:19:54+00:00
250102,901635,3,0.105,0,21965.02,False,,2023-05-01 00:19:54+00:00
250102,901635,7,0.375,0,21965.02,False,,2023-05-01 00:19:54+00:00
250102,901635,14,0.5,0,21965.02,False,,2023-05-01 00:19:54+00:00
250103,901635,1,0.19,0,4678.06,False,,2023-04-27 03:36:04+00:00
250103,901635,3,0.175,0,4678.06,False,,2023-04-27 03:36:04+00:00
250103,901635,7,0.525,0,4678.06,False,,2023-04-27 03:36:04+00:00
250103,901635,14,0.5,0,4678.06,False,,2023-04-27 03:36:04+00:00
250107,901638,1,0.505,1,7372.21,False,,2023-04-21 18:17:33+00:00
250107,901638,3,0.22,1,7372.21,False,,2023-04-21 18:17:33+00:00
250107,901638,7,0.34,1,7372.21,False,,2023-04-21 18:17:33+00:00
250108,901639,1,0.83,1,2913.74,False,,2023-04-25 14:35:07+00:00
250108,901639,3,0.975,1,2913.74,False,,2023-04-25 14:35:07+00:00
250108,901639,7,0.67,1,2913.74,False,,2023-04-25 14:35:07+00:00
250112,901643,1,0.5,1,2635.57,False,,2023-04-30 18:34:56+00:00
250112,901643,3,0.255,1,2635.57,False,,2023-04-30 18:34:56+00:00
250112,901643,7,0.5,1,2635.57,False,,2023-04-30 18:34:56+00:00
250112,901643,14,0.5,1,2635.57,False,,2023-04-30 18:34:56+00:00
250113,901644,1,0.655,1,1120.07,False,,2023-05-10 14:49:37+00:00
250113,901644,3,0.605,1,1120.07,False,,2023-05-10 14:49:37+00:00
250113,901644,7,0.595,1,1120.07,False,,2023-05-10 14:49:37+00:00
250113,901644,14,0.51,1,1120.07,False,,2023-05-10 14:49:37+00:00
250115,901644,1,0.59,1,4734.87,False,,2023-05-10 14:35:55+00:00
250115,901644,3,0.605,1,4734.87,False,,2023-05-10 14:35:55+00:00
250115,901644,7,0.45,1,4734.87,False,,2023-05-10 14:35:55+00:00
250115,901644,14,0.45,1,4734.87,False,,2023-05-10 14:35:55+00:00
250117,901635,1,0.79,1,11579.93,False,,2023-04-29 07:20:14+00:00
250117,901635,3,0.88,1,11579.93,False,,2023-04-29 07:20:14+00:00
250117,901635,7,0.575,1,11579.93,False,,2023-04-29 07:20:14+00:00
250117,901635,14,0.43,1,11579.93,False,,2023-04-29 07:20:14+00:00
250118,901635,1,0.94,1,7701.59,False,,2023-04-28 05:04:41+00:00
250118,901635,3,0.98,1,7701.59,False,,2023-04-28 05:04:41+00:00
250118,901635,7,0.965,1,7701.59,False,,2023-04-28 05:04:41+00:00
250118,901635,14,0.5,1,7701.59,False,,2023-04-28 05:04:41+00:00
250120,901645,1,0.01,0,111134.9,False,,2023-07-01 08:16:18+00:00
250120,901645,3,0.01,0,111134.9,False,,2023-07-01 08:16:18+00:00
250120,901645,7,0.005,0,111134.9,False,,2023-07-01 08:16:18+00:00
250120,901645,14,0.005,0,111134.9,False,,2023-07-01 08:16:18+00:00
250120,901645,30,0.015,0,111134.9,False,,2023-07-01 08:16:18+00:00
250135,901651,1,0.5,1,4225.04,False,,2023-04-15 03:49:06+00:00
250161,901654,1,0.5,1,2000.0,False,,2023-04-16 01:19:28+00:00
250173,901658,1,0.015,0,11612.9,False,,2023-07-02 08:47:10+00:00
250173,901658,3,0.02,0,11612.9,False,,2023-07-02 08:47:10+00:00
250173,901658,7,0.02,0,11612.9,False,,2023-07-02 08:47:10+00:00
250173,901658,14,0.035,0,11612.9,False,,2023-07-02 08:47:10+00:00
250173,901658,30,0.105,0,11612.9,False,,2023-07-02 08:47:10+00:00
250174,901660,1,0.015,0,6396.33,False,,2023-05-01 06:19:24+00:00
250174,901660,3,0.015,0,6396.33,False,,2023-05-01 06:19:24+00:00
250174,901660,7,0.015,0,6396.33,False,,2023-05-01 06:19:24+00:00
250174,901660,14,0.14,0,6396.33,False,,2023-05-01 06:19:24+00:00
250215,901671,1,0.5,0,4268.84,False,,2023-04-17 04:19:21+00:00
250218,901673,1,0.5,0,9274.16,False,,2023-04-17 22:19:54+00:00
250224,901675,1,0.75,1,2773.15,False,,2023-04-18 04:03:40+00:00
250226,901674,1,0.5,0,3093.19,False,,2023-04-18 04:18:38+00:00
250232,901675,1,0.5,1,4980.04,False,,2023-04-18 06:48:39+00:00
250235,901635,1,0.975,1,7352.5,False,,2023-04-26 06:01:19+00:00
250235,901635,3,0.985,1,7352.5,False,,2023-04-26 06:01:19+00:00
250235,901635,7,0.89,1,7352.5,False,,2023-04-26 06:01:19+00:00
250236,901635,1,0.42,0,40604.61,False,,2023-04-27 06:45:44+00:00
250236,901635,3,0.64,0,40604.61,False,,2023-04-27 06:45:44+00:00
250236,901635,7,0.5,0,40604.61,False,,2023-04-27 06:45:44+00:00
250237,901677,1,0.5,0,2958.47,False,,2023-04-17 18:49:15+00:00
250239,901679,1,0.5,1,2072.79,False,,2023-04-19 03:18:44+00:00
250240,901679,1,0.5,0,5106.21,False,,2023-04-19 03:18:58+00:00
250241,901679,1,0.5,1,1000.0,False,,2023-04-19 02:18:53+00:00
250242,901680,1,0.43,1,1253.81,False,,2023-04-19 05:03:46+00:00
250243,901679,1,0.5,0,5500.0,False,,2023-04-19 04:33:50+00:00
250244,901679,1,0.5,0,4251.65,False,,2023-04-19 03:48:44+00:00
250245,901679,1,0.505,0,3132.65,False,,2023-04-25 12:31:45+00:00
250245,901679,3,0.505,0,3132.65,False,,2023-04-25 12:31:45+00:00
250245,901679,7,0.46,0,3132.65,False,,2023-04-25 12:31:45+00:00
250248,901679,1,0.51,0,6227.04,False,,2023-04-19 04:34:14+00:00
250249,901679,1,0.5,0,3131.18,False,,2023-04-19 05:04:08+00:00
250250,901679,1,0.5,0,3177.31,False,,2023-04-19 05:04:20+00:00
250252,901679,1,0.5,0,3049.11,False,,2023-04-19 06:18:57+00:00
250255,901680,1,0.75,1,4419.15,False,,2023-04-19 06:33:49+00:00
250261,901685,1,0.01,0,56349.86,False,,2023-05-20 06:19:11+00:00
250261,901685,3,0.015,0,56349.86,False,,2023-05-20 06:19:11+00:00
250261,901685,7,0.02,0,56349.86,False,,2023-05-20 06:19:11+00:00
250261,901685,14,0.015,0,56349.86,False,,2023-05-20 06:19:11+00:00
250261,901685,30,0.16,0,56349.86,False,,2023-05-20 06:19:11+00:00
250262,901686,1,0.01,0,1220.0,False,,2023-04-21 23:03:21+00:00
250262,901686,3,0.5,0,1220.0,False,,2023-04-21 23:03:21+00:00
250316,901695,1,0.67,1,1004.08,False,,2023-04-23 06:02:57+00:00
250316,901695,3,0.705,1,1004.08,False,,2023-04-23 06:02:57+00:00
250321,901693,1,0.67,1,9261.76,False,,2023-04-21 06:48:59+00:00
250323,901696,1,0.34,1,12858.91,False,,2023-04-22 03:48:15+00:00
250326,901697,1,0.03,0,33042.38,False,,2023-04-26 18:02:24+00:00
250326,901697,3,0.385,0,33042.38,False,,2023-04-26 18:02:24+00:00
250328,901699,1,0.995,1,108835.7,False,,2023-06-03 20:03:23+00:00
250328,901699,3,0.985,1,108835.7,False,,2023-06-03 20:03:23+00:00
250328,901699,7,0.91,1,108835.7,False,,2023-06-03 20:03:23+00:00
250328,901699,14,0.795,1,108835.7,False,,2023-06-03 20:03:23+00:00
250328,901699,30,0.725,1,108835.7,False,,2023-06-03 20:03:23+00:00
250351,901728,1,0.94,1,2001.04,False,,2023-04-30 18:31:20+00:00
250351,901728,3,0.935,1,2001.04,False,,2023-04-30 18:31:20+00:00
250351,901728,7,0.845,1,2001.04,False,,2023-04-30 18:31:20+00:00
250352,901465,1,0.005,0,31197.66,False,,2023-10-01 08:20:18+00:00
250352,901465,3,0.0055,0,31197.66,False,,2023-10-01 08:20:18+00:00
250352,901465,7,0.01,0,31197.66,False,,2023-10-01 08:20:18+00:00
250352,901465,14,0.0245,0,31197.66,False,,2023-10-01 08:20:18+00:00
250352,901465,30,0.41,0,31197.66,False,,2023-10-01 08:20:18+00:00
250353,901465,1,0.685,1,24354.62,False,,2023-11-19 00:36:13+00:00
250353,901465,3,0.7,1,24354.62,False,,2023-11-19 00:36:13+00:00
250353,901465,7,0.59,1,24354.62,False,,2023-11-19 00:36:13+00:00
250353,901465,14,0.37,1,24354.62,False,,2023-11-19 00:36:13+00:00
250353,901465,30,0.44,1,24354.62,False,,2023-11-19 00:36:13+00:00
250416,901737,1,0.5,1,11139.44,False,,2023-04-24 00:18:26+00:00
250422,901737,1,0.5,1,1539.03,False,,2023-04-24 06:33:37+00:00
250448,901744,1,0.875,0,9272.83,False,,2023-04-26 04:03:40+00:00
250458,901744,1,0.5,1,3519.28,False,,2023-04-26 05:48:37+00:00
250470,901750,1,0.005,0,6840.34,False,,2023-06-01 06:48:11+00:00
250470,901750,3,0.01,0,6840.34,False,,2023-06-01 06:48:11+00:00
250470,901750,7,0.015,0,6840.34,False,,2023-06-01 06:48:11+00:00
250470,901750,14,0.02,0,6840.34,False,,2023-06-01 06:48:11+00:00
250470,901750,30,0.035,0,6840.34,False,,2023-06-01 06:48:11+00:00
250471,901206,1,0.9995,1,751905.78,False,,2023-08-01 18:16:44+00:00
250471,901206,3,0.9985,1,751905.78,False,,2023-08-01 18:16:44+00:00
250471,901206,7,0.999,1,751905.78,False,,2023-08-01 18:16:44+00:00
250471,901206,14,0.9955,1,751905.78,False,,2023-08-01 18:16:44+00:00
250471,901206,30,0.992,1,751905.78,False,,2023-08-01 18:16:44+00:00
250474,901751,1,0.275,0,3817.69,False,,2023-04-27 14:33:35+00:00
250477,901752,1,0.005,0,1015.0,False,,2023-05-23 08:48:35+00:00
250477,901752,3,0.01,0,1015.0,False,,2023-05-23 08:48:35+00:00
250477,901752,7,0.5,0,1015.0,False,,2023-05-23 08:48:35+00:00
250477,901752,14,0.5,0,1015.0,False,,2023-05-23 08:48:35+00:00
250478,901752,1,0.25,0,1516.92,False,,2023-05-26 02:33:57+00:00
250478,901752,3,0.25,0,1516.92,False,,2023-05-26 02:33:57+00:00
250478,901752,7,0.52,0,1516.92,False,,2023-05-26 02:33:57+00:00
250478,901752,14,0.5,0,1516.92,False,,2023-05-26 02:33:57+00:00
250478,901752,30,0.5,0,1516.92,False,,2023-05-26 02:33:57+00:00
250480,901318,1,0.47,0,1376.92,False,,2023-05-15 00:04:55+00:00
250480,901318,3,0.115,0,1376.92,False,,2023-05-15 00:04:55+00:00
250480,901318,7,0.155,0,1376.92,False,,2023-05-15 00:04:55+00:00
250480,901318,14,0.2,0,1376.92,False,,2023-05-15 00:04:55+00:00
250482,5853,1,0.003,0,641848.95,False,,2024-08-07 07:59:13+00:00
250482,5853,3,0.003,0,641848.95,False,,2024-08-07 07:59:13+00:00
250482,5853,7,0.0065,0,641848.95,False,,2024-08-07 07:59:13+00:00
250482,5853,14,0.0175,0,641848.95,False,,2024-08-07 07:59:13+00:00
250482,5853,30,0.0225,0,641848.95,False,,2024-08-07 07:59:13+00:00
250502,901582,1,0.005,0,4875.28,False,,2023-07-01 06:16:06+00:00
250502,901582,3,0.01,0,4875.28,False,,2023-07-01 06:16:06+00:00
250502,901582,7,0.025,0,4875.28,False,,2023-07-01 06:16:06+00:00
250502,901582,14,0.025,0,4875.28,False,,2023-07-01 06:16:06+00:00
250502,901582,30,0.165,0,4875.28,False,,2023-07-01 06:16:06+00:00
250506,901757,1,0.69,0,24955.89,False,,2023-05-01 12:02:51+00:00
250506,901757,3,0.09,0,24955.89,False,,2023-05-01 12:02:51+00:00
250507,901758,1,0.01,0,13321.65,False,,2023-07-02 08:16:44+00:00
250507,901758,3,0.015,0,13321.65,False,,2023-07-02 08:16:44+00:00
250507,901758,7,0.14,0,13321.65,False,,2023-07-02 08:16:44+00:00
250507,901758,14,0.04,0,13321.65,False,,2023-07-02 08:16:44+00:00
250507,901758,30,0.21,0,13321.65,False,,2023-07-02 08:16:44+00:00
250508,901759,1,0.3,0,9828.75,False,,2023-04-28 05:03:40+00:00
250526,901764,1,0.09,0,7563.16,False,,2023-05-03 18:17:31+00:00
250526,901764,3,0.175,0,7563.16,False,,2023-05-03 18:17:31+00:00
250527,901765,1,0.78,1,10680.14,False,,2023-05-12 06:49:03+00:00
250527,901765,3,0.605,1,10680.14,False,,2023-05-12 06:49:03+00:00
250527,901765,7,0.795,1,10680.14,False,,2023-05-12 06:49:03+00:00
250527,901765,14,0.45,1,10680.14,False,,2023-05-12 06:49:03+00:00
250528,901765,1,0.875,1,19942.61,False,,2023-05-13 04:19:53+00:00
250528,901765,3,0.87,1,19942.61,False,,2023-05-13 04:19:53+00:00
250528,901765,7,0.525,1,19942.61,False,,2023-05-13 04:19:53+00:00
250528,901765,14,0.405,1,19942.61,False,,2023-05-13 04:19:53+00:00
250559,901765,1,0.6,1,26940.29,False,,2023-05-15 00:18:53+00:00
250559,901765,3,0.435,1,26940.29,False,,2023-05-15 00:18:53+00:00
250559,901765,7,0.735,1,26940.29,False,,2023-05-15 00:18:53+00:00
250559,901765,14,0.805,1,26940.29,False,,2023-05-15 00:18:53+00:00
250580,901318,1,0.04,0,1803.85,False,,2023-06-13 05:02:18+00:00
250580,901318,3,0.5,0,1803.85,False,,2023-06-13 05:02:18+00:00
250580,901318,7,0.265,0,1803.85,False,,2023-06-13 05:02:18+00:00
250580,901318,14,0.505,0,1803.85,False,,2023-06-13 05:02:18+00:00
250580,901318,30,0.215,0,1803.85,False,,2023-06-13 05:02:18+00:00
250581,901774,1,0.96,1,2970.49,False,,2023-07-27 14:33:09+00:00
250581,901774,3,0.96,1,2970.49,False,,2023-07-27 14:33:09+00:00
250581,901774,7,0.925,1,2970.49,False,,2023-07-27 14:33:09+00:00
250581,901774,14,0.5,1,2970.49,False,,2023-07-27 14:33:09+00:00
250581,901774,30,0.9,1,2970.49,False,,2023-07-27 14:33:09+00:00
250612,901778,1,0.81,0,12630.84,False,,2023-05-02 04:03:46+00:00
250615,901778,1,0.63,1,1109.32,False,,2023-05-02 06:33:34+00:00
250635,901781,1,0.71,1,1092.43,False,,2023-05-03 04:18:32+00:00
250645,901765,1,0.655,1,45755.23,False,,2023-05-13 07:00:33+00:00
250645,901765,3,0.815,1,45755.23,False,,2023-05-13 07:00:33+00:00
250645,901765,7,0.315,1,45755.23,False,,2023-05-13 07:00:33+00:00
250646,901783,1,0.71,1,2471.12,False,,2023-05-12 15:46:06+00:00
250646,901783,3,0.74,1,2471.12,False,,2023-05-12 15:46:06+00:00
250646,901783,7,0.175,1,2471.12,False,,2023-05-12 15:46:06+00:00
250648,901785,1,0.235,1,1016.91,False,,2023-05-11 14:18:16+00:00
250652,901785,1,0.5,1,1010.0,False,,2023-05-11 02:33:25+00:00
250654,901785,1,0.07,1,2637.97,False,,2023-05-11 02:33:35+00:00
250655,901785,1,0.09,0,2099.0,False,,2023-05-11 14:18:34+00:00
250657,901786,1,0.05,1,15174.0,False,,2023-05-05 23:32:40+00:00
250657,901786,3,0.38,1,15174.0,False,,2023-05-05 23:32:40+00:00
250659,901785,1,0.035,0,2644.0,False,,2023-05-11 03:34:48+00:00
250662,901785,1,0.075,0,1114.3,False,,2023-05-11 03:18:38+00:00
250694,901792,1,0.685,1,1437.17,False,,2023-05-05 05:48:08+00:00
250699,901796,1,0.005,0,4482.12,False,,2023-06-14 20:03:53+00:00
250699,901796,3,0.005,0,4482.12,False,,2023-06-14 20:03:53+00:00
250699,901796,7,0.005,0,4482.12,False,,2023-06-14 20:03:53+00:00
250699,901796,14,0.02,0,4482.12,False,,2023-06-14 20:03:53+00:00
250699,901796,30,0.02,0,4482.12,False,,2023-06-14 20:03:53+00:00
250703,901796,1,0.805,1,243878.27,False,,2023-06-14 20:03:31+00:00
250703,901796,3,0.815,1,243878.27,False,,2023-06-14 20:03:31+00:00
250703,901796,7,0.82,1,243878.27,False,,2023-06-14 20:03:31+00:00
250703,901796,14,0.345,1,243878.27,False,,2023-06-14 20:03:31+00:00
250703,901796,30,0.825,1,243878.27,False,,2023-06-14 20:03:31+00:00
250704,901796,1,0.18,0,141462.93,False,,2023-06-14 20:16:50+00:00
250704,901796,3,0.2,0,141462.93,False,,2023-06-14 20:16:50+00:00
250704,901796,7,0.18,0,141462.93,False,,2023-06-14 20:16:50+00:00
250704,901796,14,0.65,0,141462.93,False,,2023-06-14 20:16:50+00:00
250704,901796,30,0.455,0,141462.93,False,,2023-06-14 20:16:50+00:00
250705,901796,1,0.005,0,6377.5,False,,2023-06-14 20:02:05+00:00
250705,901796,3,0.005,0,6377.5,False,,2023-06-14 20:02:05+00:00
250705,901796,7,0.005,0,6377.5,False,,2023-06-14 20:02:05+00:00
250705,901796,14,0.025,0,6377.5,False,,2023-06-14 20:02:05+00:00
250705,901796,30,0.01,0,6377.5,False,,2023-06-14 20:02:05+00:00
250706,901797,1,0.885,1,7085.36,False,,2023-05-10 18:16:47+00:00
250706,901797,3,0.885,1,7085.36,False,,2023-05-10 18:16:47+00:00
250716,901800,1,0.455,0,2809.52,False,,2023-05-06 04:18:16+00:00
250725,901802,1,0.955,1,6149.04,False,,2023-06-27 05:16:02+00:00
250725,901802,3,0.955,1,6149.04,False,,2023-06-27 05:16:02+00:00
250725,901802,7,0.97,1,6149.04,False,,2023-06-27 05:16:02+00:00
250725,901802,14,0.945,1,6149.04,False,,2023-06-27 05:16:02+00:00
250725,901802,30,0.925,1,6149.04,False,,2023-06-27 05:16:02+00:00
250727,901318,1,0.02,0,1129.34,False,,2023-05-23 05:19:20+00:00
250727,901318,3,0.16,0,1129.34,False,,2023-05-23 05:19:20+00:00
250727,901318,7,0.27,0,1129.34,False,,2023-05-23 05:19:20+00:00
250727,901318,14,0.525,0,1129.34,False,,2023-05-23 05:19:20+00:00
250754,901807,1,0.5,1,5284.82,False,,2023-05-07 05:18:09+00:00
250759,901809,1,0.49,1,1070.63,False,,2023-05-07 07:18:14+00:00
250777,901813,1,0.43,1,14883.69,False,,2023-05-08 00:33:06+00:00
250784,901813,1,0.57,1,7183.51,False,,2023-05-08 04:33:29+00:00
250800,901818,1,0.5,1,1000.0,False,,2023-05-09 06:48:00+00:00
250810,901822,1,0.74,0,7360.43,False,,2023-05-10 04:03:08+00:00
250819,901822,1,0.64,1,5310.51,False,,2023-05-10 06:47:52+00:00
250821,901824,1,0.5,0,11351.3,False,,2023-05-18 00:16:22+00:00
250821,901824,3,0.245,0,11351.3,False,,2023-05-18 00:16:22+00:00
250821,901824,7,0.345,0,11351.3,False,,2023-05-18 00:16:22+00:00
250822,5821,1,0.0005,0,352646.48,False,,2023-07-31 23:33:27+00:00
250822,5821,3,0.0005,0,352646.48,False,,2023-07-31 23:33:27+00:00
250822,5821,7,0.0005,0,352646.48,False,,2023-07-31 23:33:27+00:00
250822,5821,14,0.0035,0,352646.48,False,,2023-07-31 23:33:27+00:00
250822,5821,30,0.0065,0,352646.48,False,,2023-07-31 23:33:27+00:00
250840,901828,1,0.375,1,5446.56,False,,2023-05-11 06:32:52+00:00
250842,901824,1,0.455,1,15061.22,False,,2023-05-17 22:01:26+00:00
250842,901824,3,0.395,1,15061.22,False,,2023-05-17 22:01:26+00:00
250842,901824,7,0.245,1,15061.22,False,,2023-05-17 22:01:26+00:00
250843,901824,1,0.5,0,4597.33,False,,2023-05-18 00:16:46+00:00
250843,901824,3,0.325,0,4597.33,False,,2023-05-18 00:16:46+00:00
250843,901824,7,0.265,0,4597.33,False,,2023-05-18 00:16:46+00:00
250847,901830,1,0.25,0,1625.0,False,,2023-05-15 17:02:03+00:00
250847,901830,3,0.485,0,1625.0,False,,2023-05-15 17:02:03+00:00
250850,901831,1,0.005,0,12011.24,False,,2023-06-01 08:32:05+00:00
250850,901831,3,0.025,0,12011.24,False,,2023-06-01 08:32:05+00:00
250850,901831,7,0.035,0,12011.24,False,,2023-06-01 08:32:05+00:00
250850,901831,14,0.045,0,12011.24,False,,2023-06-01 08:32:05+00:00
250852,901832,1,0.995,1,2441.84,False,,2023-05-23 00:49:31+00:00
250852,901832,3,0.4,1,2441.84,False,,2023-05-23 00:49:31+00:00
250852,901832,7,0.79,1,2441.84,False,,2023-05-23 00:49:31+00:00
250853,901832,1,0.02,0,4630.13,False,,2023-05-23 00:48:27+00:00
250853,901832,3,0.025,0,4630.13,False,,2023-05-23 00:48:27+00:00
250853,901832,7,0.24,0,4630.13,False,,2023-05-23 00:48:27+00:00
250854,901833,1,0.45,1,2942.17,False,,2023-05-19 18:45:50+00:00
250854,901833,3,0.575,1,2942.17,False,,2023-05-19 18:45:50+00:00
250854,901833,7,0.51,1,2942.17,False,,2023-05-19 18:45:50+00:00
250855,901834,1,0.765,1,14751.1,False,,2023-05-31 18:03:14+00:00
250855,901834,3,0.76,1,14751.1,False,,2023-05-31 18:03:14+00:00
250855,901834,7,0.52,1,14751.1,False,,2023-05-31 18:03:14+00:00
250855,901834,14,0.955,1,14751.1,False,,2023-05-31 18:03:14+00:00
250860,901839,1,0.995,1,8819.53,False,,2023-07-01 06:16:38+00:00
250860,901839,3,0.94,1,8819.53,False,,2023-07-01 06:16:38+00:00
250860,901839,7,0.94,1,8819.53,False,,2023-07-01 06:16:38+00:00
250860,901839,14,0.995,1,8819.53,False,,2023-07-01 06:16:38+00:00
250860,901839,30,0.985,1,8819.53,False,,2023-07-01 06:16:38+00:00
250861,901840,1,0.505,1,114171.26,False,,2023-05-15 15:17:38+00:00
250861,901840,3,0.515,1,114171.26,False,,2023-05-15 15:17:38+00:00
250873,901845,1,0.845,1,1264.3,False,,2023-06-13 17:32:48+00:00
250873,901845,3,0.865,1,1264.3,False,,2023-06-13 17:32:48+00:00
250873,901845,7,0.84,1,1264.3,False,,2023-06-13 17:32:48+00:00
250873,901845,14,0.88,1,1264.3,False,,2023-06-13 17:32:48+00:00
250873,901845,30,0.595,1,1264.3,False,,2023-06-13 17:32:48+00:00
250900,901849,1,0.66,1,2559.1,False,,2023-05-13 04:18:57+00:00
250907,901849,1,0.5,1,3609.0,False,,2023-05-13 06:48:33+00:00
250937,901853,1,0.72,1,1933.49,False,,2023-05-15 00:18:15+00:00
250966,901857,1,0.815,1,3144.06,False,,2023-05-31 05:03:50+00:00
250966,901857,3,0.815,1,3144.06,False,,2023-05-31 05:03:50+00:00
250966,901857,7,0.805,1,3144.06,False,,2023-05-31 05:03:50+00:00
250966,901857,14,0.545,1,3144.06,False,,2023-05-31 05:03:50+00:00
250995,901864,1,0.695,1,1459.98,False,,2023-05-17 05:32:55+00:00
